sequence,concentration,cell_density,incubation_hours,efficacy,_source
AKIIFEVD,2.3012831087955106,200000.0,6.0,0.3604955438101429,data/example_epitope.csv
HITYAVHV,0.4765179709394022,2000000.0,24.0,0.905234118828762,data/example_epitope.csv
GQMKFHME,0.0234954286950066,200000.0,24.0,-1.0090389724697837,data/example_epitope.csv
YKCRVEPDVL,20.77871359605848,1000000.0,12.0,0.6001321111440265,data/example_epitope.csv
CILDIEPK,0.6510902763662588,1000000.0,12.0,-0.4671987751682818,data/example_epitope.csv
NHKDYGVIGR,0.3294744692328782,500000.0,24.0,-0.398198242531712,data/example_epitope.csv
ICMPKDHW,32.02362606164365,1000000.0,12.0,0.4813642828043436,data/example_epitope.csv
PRFKFIVVKWQ,39.02038358974784,2000000.0,24.0,2.843625665590706,data/example_epitope.csv
FTSDCEFGQ,2.430167021149509,2000000.0,48.0,-0.7504879715067194,data/example_epitope.csv
RTKVAEVKMELQ,0.0429171641638466,200000.0,24.0,-0.321570886129373,data/example_epitope.csv
GTELTYHFNGVT,47.20347566459145,1000000.0,48.0,0.6014992681927417,data/example_epitope.csv
ENLICIWD,0.0220096840495009,2000000.0,6.0,-1.0962856689475198,data/example_epitope.csv
FFSVGKTYQHVH,7.108793376928264,2000000.0,24.0,1.310622965937586,data/example_epitope.csv
TREIIDMAWVI,2.2581898843967063,200000.0,6.0,0.3942266766634357,data/example_epitope.csv
IDCMDTIK,4.741449323438528,500000.0,12.0,0.0904908657219802,data/example_epitope.csv
WSISQHEEQNQQ,0.7380719017653454,200000.0,6.0,-2.954987706651,data/example_epitope.csv
PMEIHHVR,0.0363688181529033,500000.0,24.0,-0.650395757691747,data/example_epitope.csv
IDRVECVADIG,0.4223341809737973,2000000.0,12.0,-0.7153880866100386,data/example_epitope.csv
CGPAPKRLQVS,0.0416090021739826,1000000.0,12.0,0.7085333463888831,data/example_epitope.csv
WVCMCCWS,1.0266006423798766,500000.0,6.0,1.2070717261925006,data/example_epitope.csv
DGDYDIPEWIWY,0.0144200461118833,200000.0,48.0,-3.4241427209692943,data/example_epitope.csv
WTMKHMIKPFLR,0.1839538090854938,200000.0,6.0,1.2904106721019948,data/example_epitope.csv
YWEDVHTKFND,32.891294774659414,1000000.0,24.0,-1.2461499985978008,data/example_epitope.csv
RVLYTAVLE,56.97968128734723,500000.0,24.0,1.662441923667257,data/example_epitope.csv
EVFKLYHM,0.0652212697145534,1000000.0,48.0,0.1815064894258841,data/example_epitope.csv
CDQKCAMFKG,9.224092158908013,2000000.0,6.0,0.8971494408294485,data/example_epitope.csv
DFVCNWVF,0.5237775157940966,200000.0,24.0,0.4875051569208731,data/example_epitope.csv
CNHIENVQYF,50.47255503711399,500000.0,12.0,0.006038749611202,data/example_epitope.csv
QAGMQIKGE,0.338974391962624,200000.0,48.0,-0.2482455844116298,data/example_epitope.csv
HRNLIIAHP,0.2056116909771998,200000.0,24.0,0.6453978767165766,data/example_epitope.csv
TPVMAEKGWK,0.014224230765276,2000000.0,24.0,0.0624586776453395,data/example_epitope.csv
QYTEPWHKCQ,0.0101569920581835,500000.0,24.0,-2.076256219828123,data/example_epitope.csv
DMYMELTLQMP,6.149412931369409,500000.0,12.0,-0.8494847808423286,data/example_epitope.csv
PGYWLPVALLH,0.5242670942350267,1000000.0,48.0,1.0166642601610638,data/example_epitope.csv
RHTSGDLTYMD,18.779925199905662,500000.0,24.0,-0.5863074061768782,data/example_epitope.csv
HFACISYDR,0.4547409282785224,500000.0,48.0,0.4713403487554533,data/example_epitope.csv
PIFAEQIGTRC,1.6967707781364505,200000.0,48.0,0.7129389575182394,data/example_epitope.csv
RTVYMRYTQ,21.00277495306569,2000000.0,12.0,0.9984428106748944,data/example_epitope.csv
RKIKTSIKRDL,0.0866910597631926,1000000.0,24.0,1.253335667337372,data/example_epitope.csv
DFFIPFHDQQMV,0.7306295168894582,200000.0,12.0,-0.9435988300114604,data/example_epitope.csv
PWAWPSANLPQ,1.4219432711800517,500000.0,48.0,0.1935500858741975,data/example_epitope.csv
KQSAPMPGR,47.66136571215781,200000.0,48.0,1.3327396570258403,data/example_epitope.csv
WADQFRGCKPMH,0.658866308262864,1000000.0,48.0,0.2343590815902224,data/example_epitope.csv
QKDSAVCNID,13.33313260576934,200000.0,6.0,-0.491202964111201,data/example_epitope.csv
HAYFIFSEW,61.80563728811893,2000000.0,24.0,0.8294696651252137,data/example_epitope.csv
GYYEGLEWAL,2.0099576812815685,2000000.0,48.0,-0.5179219311160794,data/example_epitope.csv
DWIELYEWC,0.2448020561519937,2000000.0,24.0,-1.72264855600044,data/example_epitope.csv
TMAQSEQN,3.4861046842937347,2000000.0,12.0,-1.209524516945139,data/example_epitope.csv
GTKYVSRQWKM,25.51835295674585,200000.0,24.0,1.720941825697497,data/example_epitope.csv
IRWYPMASMGS,0.0705471381622479,1000000.0,24.0,0.4749831780291753,data/example_epitope.csv
YKVATHDIQS,1.662282551835815,500000.0,48.0,0.2096498607771419,data/example_epitope.csv
RADLIPILWNS,1.636408851747906,1000000.0,48.0,1.0220682279132554,data/example_epitope.csv
MNRKLKIEHMEV,63.60778047076262,500000.0,12.0,0.6861640204296945,data/example_epitope.csv
SKWTYLEHL,0.0812704480262604,500000.0,24.0,-0.729533161749447,data/example_epitope.csv
VFKCCVLF,3.5602346317695703,2000000.0,6.0,2.900035511927386,data/example_epitope.csv
WLSSRMGC,0.1023089345606858,2000000.0,6.0,0.448133756402785,data/example_epitope.csv
PSDWCFFW,62.58965669249454,200000.0,12.0,0.2573296996283661,data/example_epitope.csv
VQYYYITP,0.6339541651566164,2000000.0,24.0,0.4850643407811887,data/example_epitope.csv
QLWYCYEHHKDG,0.0910879044080927,200000.0,12.0,-2.112757029555243,data/example_epitope.csv
QRYSLCIL,6.727029303597135,2000000.0,6.0,1.7863710810209992,data/example_epitope.csv
KWHQEVIFK,20.25464513177545,200000.0,6.0,0.3524016177565333,data/example_epitope.csv
LYWLRERLP,58.98002644972592,2000000.0,48.0,1.5024937249429808,data/example_epitope.csv
YCQMYKAD,0.0823564585210529,200000.0,24.0,-0.8793079443597563,data/example_epitope.csv
CGSTRKGWQSDS,0.2465154965068109,1000000.0,24.0,-0.3953289785934606,data/example_epitope.csv
GMQSLPVC,0.6596349138975353,1000000.0,24.0,0.9844053837745907,data/example_epitope.csv
EPTAVRQCHT,0.2799738288299654,2000000.0,48.0,-0.0981509042305072,data/example_epitope.csv
HKVFLRSE,0.0130460118830462,500000.0,12.0,-0.4861176634566854,data/example_epitope.csv
VAVQDIEREF,0.9851492222842354,1000000.0,24.0,-1.0119519802653223,data/example_epitope.csv
SSIRVFPHYTF,28.58299528814977,1000000.0,48.0,2.052957659748806,data/example_epitope.csv
TKALLWWSFR,1.42666599823719,1000000.0,24.0,1.613033276311767,data/example_epitope.csv
VPRMHIWPIQCM,9.524026744066306,2000000.0,48.0,1.8201753035586088,data/example_epitope.csv
SCFTWMERE,1.2700018314046193,2000000.0,6.0,-1.0640268869711744,data/example_epitope.csv
QFDSKMYPD,25.53060870230347,2000000.0,24.0,-0.9262044629314036,data/example_epitope.csv
VCYDILIDQEE,0.595270288952006,1000000.0,6.0,-2.2046311273201904,data/example_epitope.csv
MCLNNQFI,1.3324940320570244,500000.0,12.0,0.7412299695789714,data/example_epitope.csv
DYPYISWFI,0.6991971564709553,1000000.0,48.0,0.2347459615024324,data/example_epitope.csv
ARLVGDRNWL,3.5954628803071067,2000000.0,24.0,0.9022140707428736,data/example_epitope.csv
LHPSEIPWNWL,93.49064897851716,1000000.0,6.0,0.1484518585295728,data/example_epitope.csv
KAWCYSLIYNI,3.519423357616855,1000000.0,12.0,1.525154467458831,data/example_epitope.csv
CLRCWNFD,43.50220286072885,1000000.0,48.0,1.1090024996833945,data/example_epitope.csv
HFVNTTKGK,45.31018278405136,2000000.0,24.0,1.6043278174755025,data/example_epitope.csv
ERDFIPVNDP,0.0113677527850507,200000.0,48.0,-2.393019107825569,data/example_epitope.csv
KWPNEISAYV,0.2051280857735924,500000.0,6.0,-0.6196480252300846,data/example_epitope.csv
LQEFCCLSEEI,35.40276922459463,500000.0,48.0,-0.3367366956387527,data/example_epitope.csv
NVQWFQESYQK,0.0135165279693868,1000000.0,12.0,-1.9724845487851212,data/example_epitope.csv
RINENVNCPKH,74.61523373113099,2000000.0,6.0,0.5785403942406376,data/example_epitope.csv
YACMIFWHD,20.85793688002897,500000.0,12.0,0.4961871150313746,data/example_epitope.csv
MFYAKFFVK,15.633466747544109,200000.0,6.0,2.3994961973654902,data/example_epitope.csv
ANIWMAGKC,0.0321391343315382,2000000.0,6.0,0.6727034079843097,data/example_epitope.csv
SRNTWERT,0.0769482993199094,200000.0,24.0,-1.428540749215634,data/example_epitope.csv
ACSPQESRDDM,2.711375669114335,200000.0,12.0,-1.9141890570399356,data/example_epitope.csv
YWVMPYTLRT,2.6406276480259065,200000.0,6.0,0.7459100324017817,data/example_epitope.csv
HQRIQMRPQEMQ,0.1778665513277935,1000000.0,24.0,-0.8967903192420346,data/example_epitope.csv
SDDDDQENF,1.6806719136127224,1000000.0,6.0,-4.761764554548038,data/example_epitope.csv
NQCLYLNEWTH,0.0415834677517108,2000000.0,12.0,-1.7528046141849465,data/example_epitope.csv
NVNEKWIQ,24.0226351463827,200000.0,24.0,-0.4148186508778313,data/example_epitope.csv
GKLMNAGF,1.841977746492642,2000000.0,6.0,0.977708752638893,data/example_epitope.csv
ADTHPQRMG,0.3021428837267663,1000000.0,6.0,-1.3552798037424174,data/example_epitope.csv
FGYCDKRQ,0.8762879094328011,2000000.0,48.0,0.1370249383262975,data/example_epitope.csv
HTENQELWST,4.661548798918643,200000.0,12.0,-2.1884097309099824,data/example_epitope.csv
YCAHLHFKLME,0.0107379067037283,2000000.0,12.0,-0.2952656380495919,data/example_epitope.csv
PVITVNDPC,0.5557486060384256,2000000.0,6.0,0.1528355501164768,data/example_epitope.csv
WQWPQLEPAM,0.0486959364878239,2000000.0,24.0,-1.378442560387365,data/example_epitope.csv
QEIQWPTD,0.3828836200713802,1000000.0,24.0,-2.186145930227809,data/example_epitope.csv
MGDTETTHN,0.2537458451584037,500000.0,12.0,-2.619394167952535,data/example_epitope.csv
FKHGYFDG,63.851126289271015,2000000.0,48.0,0.7212517539970041,data/example_epitope.csv
WRWYMMFRDSRL,15.322114964592222,200000.0,24.0,1.0916241784170355,data/example_epitope.csv
DLRRCCNLDDYY,1.0672625473870143,2000000.0,6.0,-1.2462131519437971,data/example_epitope.csv
WHMYSTFCREM,85.02415498412505,200000.0,12.0,0.6760449902534158,data/example_epitope.csv
IRRTTYGN,0.3100330040573136,1000000.0,48.0,0.2074650702966184,data/example_epitope.csv
MYCMDMEVPLK,7.851174317867551,500000.0,24.0,0.2876828614578157,data/example_epitope.csv
WFNLPFYD,0.1731121497807867,2000000.0,24.0,-0.5690086960015814,data/example_epitope.csv
TDQTNANLG,63.77893373674468,1000000.0,48.0,-0.2939181565393866,data/example_epitope.csv
IFFDLETVT,0.014157610808212,1000000.0,12.0,-1.0742904834442637,data/example_epitope.csv
PFGGYGRCQNIR,2.769374497052556,2000000.0,12.0,1.0211054222387894,data/example_epitope.csv
ILSHNWRRLPTT,0.4727628117219437,500000.0,12.0,0.6671000770843132,data/example_epitope.csv
FKCSNVETELDG,0.1233573974927924,500000.0,48.0,-1.431965836770281,data/example_epitope.csv
IRNAQCPT,0.3132174508663053,2000000.0,6.0,0.161616202669572,data/example_epitope.csv
IAMEMFFCLS,6.085383523808299,500000.0,48.0,1.899982095556901,data/example_epitope.csv
YADAKHFVYTQ,0.0278450140458575,1000000.0,12.0,-0.8725498202166776,data/example_epitope.csv
ECIQYRDESY,1.393847104556914,500000.0,12.0,-2.3178385764955443,data/example_epitope.csv
QAYNIWQGDT,79.18044967075734,200000.0,6.0,-0.6136614883042901,data/example_epitope.csv
SCPNKANDNIE,12.190050265786398,1000000.0,12.0,-1.0035073983930674,data/example_epitope.csv
NVMGRSGF,0.0178814259326789,2000000.0,6.0,0.2948389528005225,data/example_epitope.csv
HCHCMLTPVS,0.103099144314182,500000.0,24.0,0.5725686841668944,data/example_epitope.csv
CMKENQPRPM,78.50446120233461,2000000.0,48.0,0.8274882640794263,data/example_epitope.csv
TKDQDQYGVL,0.1926840263714089,200000.0,24.0,-1.3905661047960731,data/example_epitope.csv
LRYQGRNRCN,2.880089134870053,2000000.0,24.0,0.6934479630209761,data/example_epitope.csv
DPNTGAFY,5.15650553171772,2000000.0,6.0,-0.7910204488553665,data/example_epitope.csv
DINNPWCYF,5.202932931526917,1000000.0,24.0,-0.5124871001160085,data/example_epitope.csv
DWFTNPMKIEA,8.76394085362845,2000000.0,48.0,-0.0813916666762296,data/example_epitope.csv
EKKRHYLSHEFD,0.642940436864842,2000000.0,6.0,-1.5499013412117757,data/example_epitope.csv
NDVVLLGGNT,0.0788799199113347,500000.0,12.0,-0.455940861981062,data/example_epitope.csv
SANVWNRVF,2.8040996970055216,200000.0,6.0,0.8080061512881133,data/example_epitope.csv
PSTQQWDFMD,0.6308091477195606,1000000.0,12.0,-2.344661880538923,data/example_epitope.csv
WGFQTCETFLGG,0.1952733624909872,500000.0,24.0,-0.6527463018716733,data/example_epitope.csv
LDKHVKFLYVDT,3.663951440527661,500000.0,12.0,0.4226069128615902,data/example_epitope.csv
YMWCADCWKHWQ,2.967793677587962,200000.0,48.0,0.2480258270213415,data/example_epitope.csv
LLSIPLRDCGRQ,0.8649769219911474,500000.0,24.0,1.1376447681084716,data/example_epitope.csv
FMMNPFNTVEMI,0.7343283042639862,1000000.0,48.0,0.8434354487924551,data/example_epitope.csv
FECLPYQIG,17.943674634509378,1000000.0,12.0,0.4770593089953621,data/example_epitope.csv
STRSLSADP,1.0514239177172873,500000.0,12.0,-0.6008306743373392,data/example_epitope.csv
NCCLSYSLVAEQ,0.0343352153769953,1000000.0,24.0,-0.8188443806588057,data/example_epitope.csv
NCPCWVHNVLD,0.3510712777528785,2000000.0,24.0,-0.168957870986128,data/example_epitope.csv
YEFEPNMVNFHY,1.0876522557658468,200000.0,6.0,-1.8140117937170053,data/example_epitope.csv
FMSTRFYT,0.0362346393521784,1000000.0,12.0,0.1313459691612039,data/example_epitope.csv
YLWMTTVSWLS,18.322947320203507,1000000.0,24.0,1.3061108357832554,data/example_epitope.csv
QWLAYSKW,2.0442668373748387,200000.0,48.0,0.6330963718949834,data/example_epitope.csv
TYPFICWEH,0.0119055501849104,1000000.0,48.0,-0.6942476093436664,data/example_epitope.csv
QHQTYSCFT,0.0675097997677497,1000000.0,48.0,-0.5513626056237793,data/example_epitope.csv
PMGRVMVNKYSH,67.50712067356619,1000000.0,24.0,1.841277804996286,data/example_epitope.csv
LLHSMSNVK,0.1416307327306982,2000000.0,48.0,0.9784482430277824,data/example_epitope.csv
FLCLDNRKSH,0.0643090403380792,1000000.0,24.0,-0.2478935941048016,data/example_epitope.csv
EYWIICTII,0.0162167726189832,2000000.0,24.0,0.3043729731325048,data/example_epitope.csv
EFAVGQSSHLM,0.1385674947682975,200000.0,6.0,-0.6441300744178194,data/example_epitope.csv
IVCGQGCPSGLC,0.0108910229679088,200000.0,24.0,0.600016915335231,data/example_epitope.csv
RVTSFTRKHE,0.2102501853483374,2000000.0,24.0,0.2646356614987848,data/example_epitope.csv
AMLWHGYPQ,1.1511253972169464,200000.0,48.0,0.4296377539838811,data/example_epitope.csv
GFSMIAKP,0.0875155066159667,1000000.0,24.0,0.8719396857600622,data/example_epitope.csv
WWAKNICERL,0.0435378822948534,1000000.0,6.0,-0.3301945996004195,data/example_epitope.csv
NYIIFSFRYN,0.4606620773669742,2000000.0,12.0,0.6165854742488822,data/example_epitope.csv
YDTRTNDWE,0.0176616872556094,500000.0,12.0,-3.804415565684967,data/example_epitope.csv
MTREHWSDT,0.6052443845434675,200000.0,48.0,-1.2212905386607131,data/example_epitope.csv
TQRWCVRLA,0.3835260254619188,200000.0,12.0,0.8903098963475307,data/example_epitope.csv
DCQNDVCDSCLQ,0.0524717208322438,500000.0,48.0,-2.0762565218179505,data/example_epitope.csv
PRPPDVFNEG,93.62398109106596,2000000.0,12.0,-0.6828841815812974,data/example_epitope.csv
AALRVQVPI,0.0977345581772752,1000000.0,12.0,1.506866341260667,data/example_epitope.csv
HECQYAIHDE,2.375617905155772,2000000.0,6.0,-2.2439466599162152,data/example_epitope.csv
CPRIVHCFT,94.1745958210242,500000.0,24.0,2.2938556505122354,data/example_epitope.csv
YMILFTIQLKCV,62.24163896581021,500000.0,48.0,3.0815178956108253,data/example_epitope.csv
SCNPTMQQFLPG,10.415122657760543,2000000.0,12.0,0.3221809409744333,data/example_epitope.csv
LFRCVQQVT,0.0343851564139736,500000.0,24.0,0.8425703438415112,data/example_epitope.csv
MDRNDVHCK,0.322605598483131,200000.0,6.0,-1.3247787606804202,data/example_epitope.csv
WVHSHMLAH,56.05818762567404,200000.0,48.0,1.2311702635062642,data/example_epitope.csv
YHPIVMLPR,1.3633284876156708,1000000.0,24.0,1.0577050783664348,data/example_epitope.csv
NTSRESMHNM,0.4526063912341216,500000.0,12.0,-1.2178235991731527,data/example_epitope.csv
KVWWQLFH,0.2086705419175501,2000000.0,12.0,0.784648123016781,data/example_epitope.csv
VMKSSRGNGFV,0.897977148555794,200000.0,6.0,1.1980320751024305,data/example_epitope.csv
CAQFIDFA,0.074968477287138,2000000.0,24.0,0.2921557102542723,data/example_epitope.csv
YYSSAAVV,0.441930558282751,200000.0,24.0,0.9410155535548226,data/example_epitope.csv
LATQGEETFIHY,1.2759214588618126,1000000.0,24.0,-0.8217701619674793,data/example_epitope.csv
DNPRWIILDCD,0.4179392821292355,2000000.0,48.0,-1.053192835770454,data/example_epitope.csv
AGDSQMWE,37.94589918737843,200000.0,12.0,-1.37997310704519,data/example_epitope.csv
WSKCDKVWC,0.05216966078463,1000000.0,6.0,-0.0048673094108993,data/example_epitope.csv
WFPDLGWIW,21.807317183963683,2000000.0,24.0,0.6975321481788941,data/example_epitope.csv
FDTNCEQIDMY,11.913040369226684,2000000.0,24.0,-1.2665002189177663,data/example_epitope.csv
KRSINVPQ,0.0553288168767813,2000000.0,6.0,0.0746656840086891,data/example_epitope.csv
LIDDKFPFPMNE,0.0232317387258756,1000000.0,48.0,-1.8105710153627637,data/example_epitope.csv
KEFDGQRVVT,0.4287229183607301,200000.0,6.0,-0.976353290901366,data/example_epitope.csv
VDYYMPALQP,13.082068610062096,500000.0,12.0,0.1763097176005985,data/example_epitope.csv
GFKLKSFDGQK,0.4835143402623814,2000000.0,6.0,0.7995862270822973,data/example_epitope.csv
KISYYHREFL,0.0106431327165537,2000000.0,24.0,-0.3081000202301461,data/example_epitope.csv
PMRMQYFLMYHS,0.1806063953408216,2000000.0,24.0,0.4852151527041664,data/example_epitope.csv
SWIMPKPNEW,0.0629796430482125,500000.0,6.0,-0.975103252580198,data/example_epitope.csv
HRLDQSFLIKF,7.260149524629187,2000000.0,6.0,0.9746850231647722,data/example_epitope.csv
YSWPVTQVCNV,2.372901841756408,200000.0,6.0,0.2995391929242382,data/example_epitope.csv
NGYCWPMQE,0.011020240974567,1000000.0,12.0,-1.9821801010875617,data/example_epitope.csv
TVWWIRNPRWTF,0.2398112486640075,200000.0,48.0,0.9460903826091036,data/example_epitope.csv
LQDEFNLM,0.6627207075772613,500000.0,48.0,-0.9122360443109928,data/example_epitope.csv
SERRMDLCEA,24.929871054045726,200000.0,12.0,-0.7498283990084696,data/example_epitope.csv
TGVGMVQRI,15.52469773412403,500000.0,12.0,1.7681565504904124,data/example_epitope.csv
PAYHRWQPAHH,0.129831274995151,200000.0,6.0,-0.6944351951232666,data/example_epitope.csv
GNMHREKSTMYP,2.78762072414148,200000.0,24.0,-0.1949856268186041,data/example_epitope.csv
RYGLYWDFME,0.0900100298560226,200000.0,12.0,-1.333692814869075,data/example_epitope.csv
FTPQYFWPQG,0.8844654298375296,500000.0,12.0,-0.790853487016568,data/example_epitope.csv
LFGMRYCNASF,0.0603273108358943,2000000.0,48.0,1.1558069478572124,data/example_epitope.csv
SQRSGDWAILC,0.1257221134457523,1000000.0,12.0,-0.3976289790401168,data/example_epitope.csv
WSVTEWEKVNV,19.518377403761715,200000.0,48.0,-0.1375535932329695,data/example_epitope.csv
HQEILCRKNDRE,12.6627082126744,500000.0,12.0,-0.9807121952488,data/example_epitope.csv
NYQGYFHHCWNV,0.1331496640969467,500000.0,24.0,-0.7437158131024041,data/example_epitope.csv
LWKTEFQCKF,6.393020684468162,500000.0,12.0,0.8696678347516086,data/example_epitope.csv
MIPSFWKQP,0.6426387218758894,200000.0,48.0,0.5486723095588033,data/example_epitope.csv
KNRSMWADRNDV,0.3898194215961003,2000000.0,12.0,-0.6190599056368253,data/example_epitope.csv
KMLMVWFWSMC,0.0152676326733087,2000000.0,6.0,0.9699740824856624,data/example_epitope.csv
GRRAQHFL,0.0432424061592895,1000000.0,6.0,0.0552128946816299,data/example_epitope.csv
KDNGCPLIQD,6.528180577875246,200000.0,12.0,-0.7116694835360633,data/example_epitope.csv
DFWITRAAMEQ,5.972057829383477,2000000.0,6.0,-0.2251967415299747,data/example_epitope.csv
PDEEMNLFP,12.41200479253903,500000.0,12.0,-1.765186916476958,data/example_epitope.csv
TWAYGRNH,3.2532703371077067,500000.0,48.0,0.1017521475225261,data/example_epitope.csv
RHDEFEWPNQMF,0.0979818194796558,200000.0,12.0,-2.854599893260102,data/example_epitope.csv
YYYLALHTYTHP,0.1521136561358434,200000.0,12.0,-0.4473782313020416,data/example_epitope.csv
PEISYDTANMF,0.3526573951194577,2000000.0,24.0,-1.1883206619383797,data/example_epitope.csv
GSDAWDAKHCCP,1.0627776607452497,2000000.0,48.0,-0.4362703355411649,data/example_epitope.csv
DVVYFKDLDTH,78.93207818868089,500000.0,24.0,-0.5883022746863054,data/example_epitope.csv
WDLQICIDQER,2.8131129998859405,200000.0,24.0,-1.299478979430969,data/example_epitope.csv
EAFAGSNTT,13.550284265331191,1000000.0,12.0,-0.177430815486585,data/example_epitope.csv
FKEAMQKTDK,7.067942257168699,200000.0,48.0,0.5053383142195506,data/example_epitope.csv
TNCSWGNGKEW,4.971434550501662,200000.0,12.0,-0.4635170160872807,data/example_epitope.csv
ACAICSNPFGCV,16.31029987284332,2000000.0,12.0,1.76366505050867,data/example_epitope.csv
IQMKDWNETC,0.0521647825179417,200000.0,48.0,-1.5041564946901462,data/example_epitope.csv
RLLMDVRA,0.2990043018066348,1000000.0,24.0,0.810754651107658,data/example_epitope.csv
IRNWSHVIFAQA,0.0855048929186587,1000000.0,6.0,0.5175236479936691,data/example_epitope.csv
APLEHTIQSC,77.66707397372222,500000.0,24.0,0.4974355361948471,data/example_epitope.csv
CITQNRDW,0.0241161524921815,500000.0,48.0,-0.89619868390311,data/example_epitope.csv
WWCQFILK,25.33114513163381,2000000.0,24.0,1.9320993154601347,data/example_epitope.csv
RKIDHFWEFE,0.0454464456423125,2000000.0,24.0,-1.7671219482453755,data/example_epitope.csv
EVNHRLRKEDG,16.997600541455306,1000000.0,6.0,-1.246301717017349,data/example_epitope.csv
MFDINPTCL,0.1098163919880918,500000.0,6.0,-0.3470219398835557,data/example_epitope.csv
RVVIEREFEAC,20.96473260592631,500000.0,12.0,-0.0244028111732668,data/example_epitope.csv
PNDWWKDAD,0.0618018316659402,2000000.0,12.0,-3.176348769492954,data/example_epitope.csv
MECRCGWQ,19.352701861395737,2000000.0,48.0,0.4731675161987489,data/example_epitope.csv
PQGNHGKK,0.6081990291910444,500000.0,6.0,-0.7705213036259566,data/example_epitope.csv
YYILSQVSCDKP,0.0353951753772994,500000.0,12.0,-0.7874149589228447,data/example_epitope.csv
APNSVSNWTMPK,0.0523918211403016,1000000.0,12.0,-0.539018026811667,data/example_epitope.csv
KCSTNWIG,0.0251499629276504,500000.0,24.0,0.2496019847892254,data/example_epitope.csv
CIWPNGGIWMNW,0.0129666049318752,1000000.0,12.0,-0.6413162066898614,data/example_epitope.csv
HSVLGSCDCIYI,0.0120146731196525,2000000.0,6.0,-0.4126330241825946,data/example_epitope.csv
YHFMGMCAFW,6.58848204800835,500000.0,6.0,1.4050511941064905,data/example_epitope.csv
NDNPWEMLMFGQ,14.701786106772763,2000000.0,24.0,-0.5239586784255703,data/example_epitope.csv
VYNIWGPLL,0.0323142037422779,200000.0,48.0,0.4924667934897562,data/example_epitope.csv
CGYMYIWESFMD,0.0895331162459131,1000000.0,12.0,-1.3277772201035547,data/example_epitope.csv
MRAKHIDN,0.106324112469963,200000.0,6.0,-0.6381139068046412,data/example_epitope.csv
PRQGQSPN,1.527903306395775,200000.0,48.0,-0.507056966792965,data/example_epitope.csv
IGRDCLAMKEDM,0.0479094088980021,2000000.0,12.0,-1.1491935727875286,data/example_epitope.csv
VDMYYSAQ,58.85305782883915,500000.0,48.0,0.3511159360747773,data/example_epitope.csv
CEMHHQVVK,4.389262664064167,1000000.0,12.0,0.3135572188940206,data/example_epitope.csv
CPWVSFCN,0.0103576752132944,200000.0,24.0,0.0513198243395439,data/example_epitope.csv
SHEAHGLDSELP,0.7652050223208188,1000000.0,6.0,-2.362912266664664,data/example_epitope.csv
PGNPNGRCKRRK,0.0803468992525661,1000000.0,6.0,0.7152475265546336,data/example_epitope.csv
EDNVQWIVC,23.077495009386222,2000000.0,48.0,-0.1365145019072387,data/example_epitope.csv
ISLDPCTWTWYF,0.0302780219176861,2000000.0,12.0,-0.7099417117905509,data/example_epitope.csv
HHFCQDQHF,21.69863800969841,1000000.0,24.0,-0.6520517295475523,data/example_epitope.csv
DPVPVMKT,0.6801876221223656,200000.0,48.0,0.3678769734955195,data/example_epitope.csv
QFFWWWEE,1.781291673804522,200000.0,24.0,-1.6830051057085855,data/example_epitope.csv
NQKPSWYSCGKP,0.0376192976039362,2000000.0,6.0,-0.3524381692480116,data/example_epitope.csv
MICSKNAMLLK,23.51723583907597,200000.0,12.0,2.629552801953241,data/example_epitope.csv
LRMKQYDHR,0.0700748228325066,2000000.0,48.0,-0.1606831422607827,data/example_epitope.csv
NCTGDLTPFTWA,0.0495392496301297,500000.0,6.0,-1.032590106496245,data/example_epitope.csv
CRCNHKNRT,0.3870518165451359,200000.0,6.0,0.1119695917840182,data/example_epitope.csv
NSYRGSWVN,0.2382297612044656,1000000.0,6.0,-0.51141126232712,data/example_epitope.csv
APCGWHIIHK,4.039702019419776,200000.0,6.0,0.9423060291904428,data/example_epitope.csv
FGYAIKYLKQP,25.48852432148975,2000000.0,24.0,2.0318301915218964,data/example_epitope.csv
RLTYPWEAT,99.47581808953332,1000000.0,24.0,0.4489385027394968,data/example_epitope.csv
ESDMKMKKLH,0.0397848005709153,500000.0,6.0,-0.6841378531928151,data/example_epitope.csv
PMFASLKQPPCW,6.796351585780467,500000.0,24.0,1.385580205673128,data/example_epitope.csv
VSNTLGVGL,0.0245704016128001,500000.0,24.0,0.6107085523628534,data/example_epitope.csv
GMDINILQMNKW,0.150039112507231,200000.0,48.0,-0.1173101444204984,data/example_epitope.csv
WWYDSHTE,29.511481963097,2000000.0,24.0,-1.75886531804283,data/example_epitope.csv
CFFHMQWRFMG,13.05463427940413,2000000.0,24.0,1.884977331639112,data/example_epitope.csv
MCARKHGWG,0.9084653397346204,200000.0,12.0,0.7916244790476121,data/example_epitope.csv
QQPQSPACVHNA,36.98499538015556,500000.0,6.0,0.1425650500042948,data/example_epitope.csv
IINLFEPT,2.2629906139868674,500000.0,6.0,0.0201852221730372,data/example_epitope.csv
LLRTYTMQ,35.63659285871135,500000.0,24.0,1.5298742614513547,data/example_epitope.csv
NHGPAIIFHAW,1.043600355430453,200000.0,24.0,0.6446676714385747,data/example_epitope.csv
PKVYCYCE,4.1140586016893925,200000.0,6.0,-0.0808564227154852,data/example_epitope.csv
QRPEVKSF,0.0663711989024834,200000.0,24.0,-0.7619369678879613,data/example_epitope.csv
ETKYYFQETYE,0.1351534302288503,200000.0,48.0,-2.4917479682309795,data/example_epitope.csv
YHKTHNQLG,0.0143754957472178,2000000.0,12.0,-1.1024141279640012,data/example_epitope.csv
MIAADEWSFDT,0.0199614853573135,200000.0,24.0,-2.2710212260938536,data/example_epitope.csv
RLKRCEGCL,0.275967955552884,1000000.0,48.0,1.167486911824879,data/example_epitope.csv
ECAFGMNR,66.12362069379313,1000000.0,6.0,0.5603460341222221,data/example_epitope.csv
MGEPPRKPSQ,3.9389995889521514,500000.0,6.0,-0.5889612870918784,data/example_epitope.csv
CGEQWSWRG,2.7879991252801863,1000000.0,6.0,-0.5433813072460065,data/example_epitope.csv
SSEQRCDKM,0.0112057480081495,500000.0,24.0,-2.306333554879171,data/example_epitope.csv
TYEQISNPFVYC,0.0111321607643974,500000.0,48.0,-1.0335623941786047,data/example_epitope.csv
GDSMIMKCTIV,3.74342605923509,2000000.0,12.0,1.3176027565904476,data/example_epitope.csv
RRWRDSRM,0.0298419644186762,2000000.0,6.0,-0.6356698561459193,data/example_epitope.csv
PQCVVADY,71.23361638060989,1000000.0,12.0,0.5852867814420233,data/example_epitope.csv
MNCIRMVYYSN,7.30556822917844,200000.0,6.0,0.7692260363056185,data/example_epitope.csv
AMNLVTNEC,38.68196028589048,2000000.0,12.0,0.6708693393767378,data/example_epitope.csv
