sequence,concentration,cell_density,incubation_hours,efficacy
AKIIFEVD,2.3012831087955106,200000.0,6.0,0.3604955438101429
HITYAVHV,0.47651797093940224,2000000.0,24.0,0.905234118828762
GQMKFHME,0.02349542869500664,200000.0,24.0,-1.0090389724697837
YKCRVEPDVL,20.778713596058477,1000000.0,12.0,0.6001321111440265
CILDIEPK,0.6510902763662588,1000000.0,12.0,-0.4671987751682818
NHKDYGVIGR,0.32947446923287826,500000.0,24.0,-0.39819824253171204
ICMPKDHW,32.02362606164365,1000000.0,12.0,0.4813642828043436
PRFKFIVVKWQ,39.020383589747844,2000000.0,24.0,2.843625665590706
FTSDCEFGQ,2.430167021149509,2000000.0,48.0,-0.7504879715067194
RTKVAEVKMELQ,0.042917164163846694,200000.0,24.0,-0.321570886129373
GTELTYHFNGVT,47.20347566459145,1000000.0,48.0,0.6014992681927417
ENLICIWD,0.022009684049500985,2000000.0,6.0,-1.0962856689475198
FFSVGKTYQHVH,7.108793376928264,2000000.0,24.0,1.310622965937586
TREIIDMAWVI,2.2581898843967063,200000.0,6.0,0.39422667666343575
IDCMDTIK,4.741449323438528,500000.0,12.0,0.09049086572198023
WSISQHEEQNQQ,0.7380719017653454,200000.0,6.0,-2.954987706651
PMEIHHVR,0.03636881815290336,500000.0,24.0,-0.650395757691747
IDRVECVADIG,0.4223341809737973,2000000.0,12.0,-0.7153880866100386
CGPAPKRLQVS,0.041609002173982605,1000000.0,12.0,0.7085333463888831
WVCMCCWS,1.0266006423798766,500000.0,6.0,1.2070717261925006
DGDYDIPEWIWY,0.014420046111883324,200000.0,48.0,-3.4241427209692943
WTMKHMIKPFLR,0.18395380908549383,200000.0,6.0,1.2904106721019948
YWEDVHTKFND,32.891294774659414,1000000.0,24.0,-1.2461499985978008
RVLYTAVLE,56.97968128734723,500000.0,24.0,1.662441923667257
EVFKLYHM,0.06522126971455344,1000000.0,48.0,0.18150648942588418
CDQKCAMFKG,9.224092158908011,2000000.0,6.0,0.8971494408294485
DFVCNWVF,0.5237775157940966,200000.0,24.0,0.48750515692087315
CNHIENVQYF,50.472555037113985,500000.0,12.0,0.0060387496112020295
QAGMQIKGE,0.338974391962624,200000.0,48.0,-0.24824558441162986
HRNLIIAHP,0.20561169097719983,200000.0,24.0,0.6453978767165766
TPVMAEKGWK,0.014224230765276045,2000000.0,24.0,0.06245867764533958
QYTEPWHKCQ,0.010156992058183543,500000.0,24.0,-2.076256219828123
DMYMELTLQMP,6.149412931369409,500000.0,12.0,-0.8494847808423286
PGYWLPVALLH,0.5242670942350267,1000000.0,48.0,1.0166642601610638
RHTSGDLTYMD,18.779925199905662,500000.0,24.0,-0.5863074061768782
HFACISYDR,0.4547409282785224,500000.0,48.0,0.4713403487554533
PIFAEQIGTRC,1.6967707781364505,200000.0,48.0,0.7129389575182394
RTVYMRYTQ,21.00277495306569,2000000.0,12.0,0.9984428106748943
RKIKTSIKRDL,0.08669105976319265,1000000.0,24.0,1.2533356673373721
DFFIPFHDQQMV,0.7306295168894582,200000.0,12.0,-0.9435988300114605
PWAWPSANLPQ,1.4219432711800517,500000.0,48.0,0.19355008587419759
KQSAPMPGR,47.66136571215781,200000.0,48.0,1.3327396570258405
WADQFRGCKPMH,0.658866308262864,1000000.0,48.0,0.23435908159022245
QKDSAVCNID,13.333132605769341,200000.0,6.0,-0.491202964111201
HAYFIFSEW,61.80563728811893,2000000.0,24.0,0.8294696651252137
GYYEGLEWAL,2.0099576812815685,2000000.0,48.0,-0.5179219311160794
DWIELYEWC,0.24480205615199377,2000000.0,24.0,-1.7226485560004399
TMAQSEQN,3.4861046842937347,2000000.0,12.0,-1.209524516945139
GTKYVSRQWKM,25.51835295674585,200000.0,24.0,1.720941825697497
IRWYPMASMGS,0.07054713816224795,1000000.0,24.0,0.4749831780291753
YKVATHDIQS,1.662282551835815,500000.0,48.0,0.2096498607771419
RADLIPILWNS,1.636408851747906,1000000.0,48.0,1.0220682279132554
MNRKLKIEHMEV,63.60778047076262,500000.0,12.0,0.6861640204296945
SKWTYLEHL,0.08127044802626045,500000.0,24.0,-0.729533161749447
VFKCCVLF,3.5602346317695703,2000000.0,6.0,2.900035511927386
WLSSRMGC,0.10230893456068588,2000000.0,6.0,0.448133756402785
PSDWCFFW,62.58965669249454,200000.0,12.0,0.2573296996283661
VQYYYITP,0.6339541651566164,2000000.0,24.0,0.48506434078118876
QLWYCYEHHKDG,0.09108790440809279,200000.0,12.0,-2.112757029555243
QRYSLCIL,6.727029303597135,2000000.0,6.0,1.7863710810209992
KWHQEVIFK,20.25464513177545,200000.0,6.0,0.35240161775653334
LYWLRERLP,58.98002644972592,2000000.0,48.0,1.5024937249429808
YCQMYKAD,0.08235645852105299,200000.0,24.0,-0.8793079443597563
CGSTRKGWQSDS,0.2465154965068109,1000000.0,24.0,-0.39532897859346067
GMQSLPVC,0.6596349138975353,1000000.0,24.0,0.9844053837745909
EPTAVRQCHT,0.2799738288299654,2000000.0,48.0,-0.0981509042305072
HKVFLRSE,0.01304601188304629,500000.0,12.0,-0.48611766345668544
VAVQDIEREF,0.9851492222842354,1000000.0,24.0,-1.0119519802653225
SSIRVFPHYTF,28.58299528814977,1000000.0,48.0,2.052957659748806
TKALLWWSFR,1.42666599823719,1000000.0,24.0,1.613033276311767
VPRMHIWPIQCM,9.524026744066306,2000000.0,48.0,1.8201753035586086
SCFTWMERE,1.2700018314046193,2000000.0,6.0,-1.0640268869711744
QFDSKMYPD,25.53060870230347,2000000.0,24.0,-0.9262044629314035
VCYDILIDQEE,0.595270288952006,1000000.0,6.0,-2.2046311273201904
MCLNNQFI,1.3324940320570244,500000.0,12.0,0.7412299695789714
DYPYISWFI,0.6991971564709553,1000000.0,48.0,0.2347459615024324
ARLVGDRNWL,3.5954628803071067,2000000.0,24.0,0.9022140707428736
LHPSEIPWNWL,93.49064897851717,1000000.0,6.0,0.14845185852957285
KAWCYSLIYNI,3.519423357616855,1000000.0,12.0,1.525154467458831
CLRCWNFD,43.50220286072885,1000000.0,48.0,1.1090024996833943
HFVNTTKGK,45.31018278405136,2000000.0,24.0,1.6043278174755025
ERDFIPVNDP,0.011367752785050768,200000.0,48.0,-2.393019107825569
KWPNEISAYV,0.2051280857735924,500000.0,6.0,-0.6196480252300846
LQEFCCLSEEI,35.40276922459463,500000.0,48.0,-0.3367366956387527
NVQWFQESYQK,0.013516527969386818,1000000.0,12.0,-1.9724845487851215
RINENVNCPKH,74.61523373113099,2000000.0,6.0,0.5785403942406376
YACMIFWHD,20.857936880028966,500000.0,12.0,0.4961871150313746
MFYAKFFVK,15.633466747544107,200000.0,6.0,2.3994961973654902
ANIWMAGKC,0.03213913433153828,2000000.0,6.0,0.6727034079843097
SRNTWERT,0.07694829931990949,200000.0,24.0,-1.428540749215634
ACSPQESRDDM,2.711375669114335,200000.0,12.0,-1.9141890570399354
YWVMPYTLRT,2.6406276480259065,200000.0,6.0,0.7459100324017817
HQRIQMRPQEMQ,0.17786655132779358,1000000.0,24.0,-0.8967903192420346
SDDDDQENF,1.6806719136127224,1000000.0,6.0,-4.761764554548038
NQCLYLNEWTH,0.04158346775171081,2000000.0,12.0,-1.7528046141849463
NVNEKWIQ,24.0226351463827,200000.0,24.0,-0.4148186508778313
GKLMNAGF,1.841977746492642,2000000.0,6.0,0.977708752638893
ADTHPQRMG,0.30214288372676634,1000000.0,6.0,-1.3552798037424174
FGYCDKRQ,0.8762879094328011,2000000.0,48.0,0.13702493832629753
HTENQELWST,4.661548798918643,200000.0,12.0,-2.1884097309099824
YCAHLHFKLME,0.010737906703728324,2000000.0,12.0,-0.29526563804959194
PVITVNDPC,0.5557486060384256,2000000.0,6.0,0.15283555011647687
WQWPQLEPAM,0.04869593648782392,2000000.0,24.0,-1.3784425603873647
QEIQWPTD,0.38288362007138027,1000000.0,24.0,-2.1861459302278092
MGDTETTHN,0.2537458451584037,500000.0,12.0,-2.619394167952535
FKHGYFDG,63.851126289271015,2000000.0,48.0,0.7212517539970041
WRWYMMFRDSRL,15.322114964592222,200000.0,24.0,1.0916241784170355
DLRRCCNLDDYY,1.0672625473870143,2000000.0,6.0,-1.2462131519437971
WHMYSTFCREM,85.02415498412505,200000.0,12.0,0.6760449902534158
IRRTTYGN,0.31003300405731365,1000000.0,48.0,0.20746507029661848
MYCMDMEVPLK,7.851174317867551,500000.0,24.0,0.2876828614578157
WFNLPFYD,0.17311214978078676,2000000.0,24.0,-0.5690086960015814
TDQTNANLG,63.778933736744676,1000000.0,48.0,-0.2939181565393866
IFFDLETVT,0.01415761080821209,1000000.0,12.0,-1.0742904834442637
PFGGYGRCQNIR,2.7693744970525556,2000000.0,12.0,1.0211054222387894
ILSHNWRRLPTT,0.4727628117219437,500000.0,12.0,0.6671000770843132
FKCSNVETELDG,0.12335739749279245,500000.0,48.0,-1.431965836770281
IRNAQCPT,0.31321745086630537,2000000.0,6.0,0.16161620266957208
IAMEMFFCLS,6.085383523808299,500000.0,48.0,1.8999820955569007
YADAKHFVYTQ,0.02784501404585755,1000000.0,12.0,-0.8725498202166776
ECIQYRDESY,1.3938471045569139,500000.0,12.0,-2.3178385764955443
QAYNIWQGDT,79.18044967075734,200000.0,6.0,-0.6136614883042901
SCPNKANDNIE,12.190050265786398,1000000.0,12.0,-1.0035073983930674
NVMGRSGF,0.01788142593267893,2000000.0,6.0,0.2948389528005225
HCHCMLTPVS,0.10309914431418202,500000.0,24.0,0.5725686841668944
CMKENQPRPM,78.50446120233461,2000000.0,48.0,0.8274882640794263
TKDQDQYGVL,0.19268402637140894,200000.0,24.0,-1.3905661047960731
LRYQGRNRCN,2.880089134870053,2000000.0,24.0,0.6934479630209761
DPNTGAFY,5.15650553171772,2000000.0,6.0,-0.7910204488553665
DINNPWCYF,5.202932931526917,1000000.0,24.0,-0.5124871001160085
DWFTNPMKIEA,8.76394085362845,2000000.0,48.0,-0.08139166667622962
EKKRHYLSHEFD,0.642940436864842,2000000.0,6.0,-1.5499013412117755
NDVVLLGGNT,0.07887991991133474,500000.0,12.0,-0.45594086198106204
SANVWNRVF,2.8040996970055216,200000.0,6.0,0.8080061512881133
PSTQQWDFMD,0.6308091477195606,1000000.0,12.0,-2.344661880538923
WGFQTCETFLGG,0.19527336249098726,500000.0,24.0,-0.6527463018716733
LDKHVKFLYVDT,3.663951440527661,500000.0,12.0,0.4226069128615902
YMWCADCWKHWQ,2.967793677587962,200000.0,48.0,0.24802582702134157
LLSIPLRDCGRQ,0.8649769219911474,500000.0,24.0,1.1376447681084716
FMMNPFNTVEMI,0.7343283042639862,1000000.0,48.0,0.8434354487924551
FECLPYQIG,17.943674634509378,1000000.0,12.0,0.4770593089953621
STRSLSADP,1.0514239177172873,500000.0,12.0,-0.6008306743373392
NCCLSYSLVAEQ,0.03433521537699537,1000000.0,24.0,-0.8188443806588057
NCPCWVHNVLD,0.35107127775287855,2000000.0,24.0,-0.16895787098612802
YEFEPNMVNFHY,1.0876522557658468,200000.0,6.0,-1.8140117937170055
FMSTRFYT,0.03623463935217841,1000000.0,12.0,0.13134596916120397
YLWMTTVSWLS,18.322947320203507,1000000.0,24.0,1.3061108357832554
QWLAYSKW,2.0442668373748387,200000.0,48.0,0.6330963718949834
TYPFICWEH,0.011905550184910447,1000000.0,48.0,-0.6942476093436664
QHQTYSCFT,0.06750979976774978,1000000.0,48.0,-0.5513626056237793
PMGRVMVNKYSH,67.50712067356619,1000000.0,24.0,1.8412778049962861
LLHSMSNVK,0.14163073273069823,2000000.0,48.0,0.9784482430277823
FLCLDNRKSH,0.06430904033807926,1000000.0,24.0,-0.2478935941048016
EYWIICTII,0.016216772618983286,2000000.0,24.0,0.30437297313250483
EFAVGQSSHLM,0.1385674947682975,200000.0,6.0,-0.6441300744178194
IVCGQGCPSGLC,0.010891022967908882,200000.0,24.0,0.600016915335231
RVTSFTRKHE,0.21025018534833748,2000000.0,24.0,0.2646356614987848
AMLWHGYPQ,1.1511253972169464,200000.0,48.0,0.4296377539838811
GFSMIAKP,0.08751550661596671,1000000.0,24.0,0.8719396857600622
WWAKNICERL,0.043537882294853496,1000000.0,6.0,-0.3301945996004195
NYIIFSFRYN,0.46066207736697423,2000000.0,12.0,0.6165854742488822
YDTRTNDWE,0.017661687255609498,500000.0,12.0,-3.804415565684967
MTREHWSDT,0.6052443845434675,200000.0,48.0,-1.2212905386607131
TQRWCVRLA,0.3835260254619188,200000.0,12.0,0.8903098963475307
DCQNDVCDSCLQ,0.05247172083224388,500000.0,48.0,-2.0762565218179505
PRPPDVFNEG,93.62398109106596,2000000.0,12.0,-0.6828841815812974
AALRVQVPI,0.09773455817727526,1000000.0,12.0,1.5068663412606673
HECQYAIHDE,2.375617905155772,2000000.0,6.0,-2.2439466599162152
CPRIVHCFT,94.1745958210242,500000.0,24.0,2.2938556505122354
YMILFTIQLKCV,62.24163896581021,500000.0,48.0,3.0815178956108253
SCNPTMQQFLPG,10.415122657760545,2000000.0,12.0,0.32218094097443334
LFRCVQQVT,0.03438515641397364,500000.0,24.0,0.8425703438415112
MDRNDVHCK,0.322605598483131,200000.0,6.0,-1.3247787606804202
WVHSHMLAH,56.05818762567404,200000.0,48.0,1.2311702635062642
YHPIVMLPR,1.3633284876156708,1000000.0,24.0,1.0577050783664348
NTSRESMHNM,0.45260639123412166,500000.0,12.0,-1.2178235991731527
KVWWQLFH,0.20867054191755016,2000000.0,12.0,0.784648123016781
VMKSSRGNGFV,0.897977148555794,200000.0,6.0,1.1980320751024303
CAQFIDFA,0.074968477287138,2000000.0,24.0,0.29215571025427234
YYSSAAVV,0.441930558282751,200000.0,24.0,0.9410155535548226
LATQGEETFIHY,1.2759214588618126,1000000.0,24.0,-0.8217701619674793
DNPRWIILDCD,0.4179392821292355,2000000.0,48.0,-1.053192835770454
AGDSQMWE,37.94589918737843,200000.0,12.0,-1.37997310704519
WSKCDKVWC,0.05216966078463007,1000000.0,6.0,-0.004867309410899301
WFPDLGWIW,21.807317183963683,2000000.0,24.0,0.6975321481788941
FDTNCEQIDMY,11.913040369226685,2000000.0,24.0,-1.2665002189177663
KRSINVPQ,0.055328816876781345,2000000.0,6.0,0.07466568400868917
LIDDKFPFPMNE,0.023231738725875667,1000000.0,48.0,-1.8105710153627634
KEFDGQRVVT,0.4287229183607301,200000.0,6.0,-0.9763532909013659
VDYYMPALQP,13.082068610062095,500000.0,12.0,0.1763097176005985
GFKLKSFDGQK,0.4835143402623814,2000000.0,6.0,0.7995862270822973
KISYYHREFL,0.010643132716553778,2000000.0,24.0,-0.3081000202301461
PMRMQYFLMYHS,0.18060639534082168,2000000.0,24.0,0.4852151527041664
SWIMPKPNEW,0.06297964304821255,500000.0,6.0,-0.9751032525801981
HRLDQSFLIKF,7.260149524629187,2000000.0,6.0,0.9746850231647722
YSWPVTQVCNV,2.372901841756408,200000.0,6.0,0.29953919292423825
NGYCWPMQE,0.011020240974567073,1000000.0,12.0,-1.9821801010875617
TVWWIRNPRWTF,0.23981124866400758,200000.0,48.0,0.9460903826091035
LQDEFNLM,0.6627207075772613,500000.0,48.0,-0.9122360443109929
SERRMDLCEA,24.929871054045726,200000.0,12.0,-0.7498283990084696
TGVGMVQRI,15.52469773412403,500000.0,12.0,1.7681565504904124
PAYHRWQPAHH,0.12983127499515104,200000.0,6.0,-0.6944351951232666
GNMHREKSTMYP,2.78762072414148,200000.0,24.0,-0.19498562681860415
RYGLYWDFME,0.0900100298560226,200000.0,12.0,-1.333692814869075
FTPQYFWPQG,0.8844654298375296,500000.0,12.0,-0.790853487016568
LFGMRYCNASF,0.06032731083589437,2000000.0,48.0,1.1558069478572124
SQRSGDWAILC,0.1257221134457523,1000000.0,12.0,-0.39762897904011685
WSVTEWEKVNV,19.518377403761715,200000.0,48.0,-0.1375535932329695
HQEILCRKNDRE,12.662708212674401,500000.0,12.0,-0.9807121952487999
NYQGYFHHCWNV,0.13314966409694676,500000.0,24.0,-0.7437158131024041
LWKTEFQCKF,6.393020684468162,500000.0,12.0,0.8696678347516086
MIPSFWKQP,0.6426387218758894,200000.0,48.0,0.5486723095588033
KNRSMWADRNDV,0.3898194215961003,2000000.0,12.0,-0.6190599056368253
KMLMVWFWSMC,0.015267632673308794,2000000.0,6.0,0.9699740824856624
GRRAQHFL,0.04324240615928959,1000000.0,6.0,0.05521289468162997
KDNGCPLIQD,6.528180577875246,200000.0,12.0,-0.7116694835360633
DFWITRAAMEQ,5.972057829383477,2000000.0,6.0,-0.2251967415299747
PDEEMNLFP,12.41200479253903,500000.0,12.0,-1.765186916476958
TWAYGRNH,3.2532703371077067,500000.0,48.0,0.10175214752252619
RHDEFEWPNQMF,0.09798181947965588,200000.0,12.0,-2.854599893260102
YYYLALHTYTHP,0.15211365613584346,200000.0,12.0,-0.44737823130204163
PEISYDTANMF,0.3526573951194577,2000000.0,24.0,-1.1883206619383797
GSDAWDAKHCCP,1.0627776607452497,2000000.0,48.0,-0.4362703355411649
DVVYFKDLDTH,78.93207818868089,500000.0,24.0,-0.5883022746863054
WDLQICIDQER,2.8131129998859405,200000.0,24.0,-1.299478979430969
EAFAGSNTT,13.550284265331193,1000000.0,12.0,-0.17743081548658501
FKEAMQKTDK,7.067942257168699,200000.0,48.0,0.5053383142195506
TNCSWGNGKEW,4.971434550501662,200000.0,12.0,-0.4635170160872807
ACAICSNPFGCV,16.31029987284332,2000000.0,12.0,1.76366505050867
IQMKDWNETC,0.05216478251794171,200000.0,48.0,-1.5041564946901462
RLLMDVRA,0.29900430180663484,1000000.0,24.0,0.810754651107658
IRNWSHVIFAQA,0.08550489291865877,1000000.0,6.0,0.5175236479936691
APLEHTIQSC,77.66707397372222,500000.0,24.0,0.49743553619484715
CITQNRDW,0.024116152492181502,500000.0,48.0,-0.89619868390311
WWCQFILK,25.331145131633814,2000000.0,24.0,1.9320993154601347
RKIDHFWEFE,0.045446445642312525,2000000.0,24.0,-1.7671219482453755
EVNHRLRKEDG,16.997600541455306,1000000.0,6.0,-1.246301717017349
MFDINPTCL,0.10981639198809182,500000.0,6.0,-0.34702193988355573
RVVIEREFEAC,20.96473260592631,500000.0,12.0,-0.024402811173266842
PNDWWKDAD,0.061801831665940214,2000000.0,12.0,-3.1763487694929546
MECRCGWQ,19.352701861395737,2000000.0,48.0,0.47316751619874897
PQGNHGKK,0.6081990291910444,500000.0,6.0,-0.7705213036259566
YYILSQVSCDKP,0.03539517537729942,500000.0,12.0,-0.7874149589228447
APNSVSNWTMPK,0.052391821140301637,1000000.0,12.0,-0.539018026811667
KCSTNWIG,0.025149962927650434,500000.0,24.0,0.2496019847892254
CIWPNGGIWMNW,0.012966604931875268,1000000.0,12.0,-0.6413162066898614
HSVLGSCDCIYI,0.012014673119652555,2000000.0,6.0,-0.4126330241825946
YHFMGMCAFW,6.58848204800835,500000.0,6.0,1.4050511941064903
NDNPWEMLMFGQ,14.701786106772763,2000000.0,24.0,-0.5239586784255703
VYNIWGPLL,0.032314203742277905,200000.0,48.0,0.4924667934897562
CGYMYIWESFMD,0.08953311624591317,1000000.0,12.0,-1.3277772201035547
MRAKHIDN,0.10632411246996305,200000.0,6.0,-0.6381139068046412
PRQGQSPN,1.527903306395775,200000.0,48.0,-0.507056966792965
IGRDCLAMKEDM,0.04790940889800213,2000000.0,12.0,-1.1491935727875286
VDMYYSAQ,58.85305782883915,500000.0,48.0,0.35111593607477737
CEMHHQVVK,4.389262664064167,1000000.0,12.0,0.31355721889402066
CPWVSFCN,0.010357675213294483,200000.0,24.0,0.05131982433954396
SHEAHGLDSELP,0.7652050223208188,1000000.0,6.0,-2.362912266664664
PGNPNGRCKRRK,0.0803468992525661,1000000.0,6.0,0.7152475265546336
EDNVQWIVC,23.077495009386226,2000000.0,48.0,-0.13651450190723877
ISLDPCTWTWYF,0.030278021917686197,2000000.0,12.0,-0.7099417117905509
HHFCQDQHF,21.69863800969841,1000000.0,24.0,-0.6520517295475523
DPVPVMKT,0.6801876221223656,200000.0,48.0,0.3678769734955195
QFFWWWEE,1.7812916738045221,200000.0,24.0,-1.6830051057085855
NQKPSWYSCGKP,0.03761929760393626,2000000.0,6.0,-0.3524381692480116
MICSKNAMLLK,23.51723583907597,200000.0,12.0,2.6295528019532415
LRMKQYDHR,0.07007482283250668,2000000.0,48.0,-0.1606831422607827
NCTGDLTPFTWA,0.04953924963012974,500000.0,6.0,-1.032590106496245
CRCNHKNRT,0.38705181654513593,200000.0,6.0,0.11196959178401829
NSYRGSWVN,0.2382297612044656,1000000.0,6.0,-0.51141126232712
APCGWHIIHK,4.039702019419776,200000.0,6.0,0.9423060291904427
FGYAIKYLKQP,25.48852432148975,2000000.0,24.0,2.0318301915218964
RLTYPWEAT,99.47581808953333,1000000.0,24.0,0.4489385027394968
ESDMKMKKLH,0.03978480057091531,500000.0,6.0,-0.6841378531928151
PMFASLKQPPCW,6.796351585780467,500000.0,24.0,1.385580205673128
VSNTLGVGL,0.024570401612800136,500000.0,24.0,0.6107085523628534
GMDINILQMNKW,0.15003911250723104,200000.0,48.0,-0.11731014442049845
WWYDSHTE,29.511481963097,2000000.0,24.0,-1.75886531804283
CFFHMQWRFMG,13.05463427940413,2000000.0,24.0,1.8849773316391116
MCARKHGWG,0.9084653397346205,200000.0,12.0,0.7916244790476121
QQPQSPACVHNA,36.98499538015556,500000.0,6.0,0.14256505000429487
IINLFEPT,2.2629906139868674,500000.0,6.0,0.0201852221730372
LLRTYTMQ,35.63659285871135,500000.0,24.0,1.5298742614513547
NHGPAIIFHAW,1.043600355430453,200000.0,24.0,0.6446676714385747
PKVYCYCE,4.1140586016893925,200000.0,6.0,-0.08085642271548528
QRPEVKSF,0.06637119890248343,200000.0,24.0,-0.7619369678879613
ETKYYFQETYE,0.13515343022885035,200000.0,48.0,-2.4917479682309795
YHKTHNQLG,0.014375495747217866,2000000.0,12.0,-1.1024141279640012
MIAADEWSFDT,0.019961485357313513,200000.0,24.0,-2.2710212260938536
RLKRCEGCL,0.27596795555288406,1000000.0,48.0,1.167486911824879
ECAFGMNR,66.12362069379313,1000000.0,6.0,0.5603460341222221
MGEPPRKPSQ,3.9389995889521505,500000.0,6.0,-0.5889612870918784
CGEQWSWRG,2.7879991252801863,1000000.0,6.0,-0.5433813072460065
SSEQRCDKM,0.011205748008149555,500000.0,24.0,-2.306333554879171
TYEQISNPFVYC,0.01113216076439743,500000.0,48.0,-1.0335623941786047
GDSMIMKCTIV,3.74342605923509,2000000.0,12.0,1.3176027565904476
RRWRDSRM,0.029841964418676297,2000000.0,6.0,-0.6356698561459193
PQCVVADY,71.23361638060989,1000000.0,12.0,0.5852867814420233
MNCIRMVYYSN,7.30556822917844,200000.0,6.0,0.7692260363056185
AMNLVTNEC,38.681960285890476,2000000.0,12.0,0.6708693393767378
