circrna_id,immunogenicity,immune_score,immunogenicity_class
circ_00000,1,0.35503043695984915,Medium
circ_00001,0,0.24243611386932507,Low
circ_00002,1,0.7578765867237889,High
circ_00003,0,0.2402847884047199,Low
circ_00004,1,0.5487492662119543,Medium
circ_00005,0,0.08399372809808525,Low
circ_00006,0,0.10355764346438268,Low
circ_00007,1,0.8320344831351245,High
circ_00008,0,0.061110374782882254,Low
circ_00009,0,0.10774530889986944,Low
circ_00010,0,0.14375456328891928,Low
circ_00011,0,0.2781533458438358,Low
circ_00012,1,0.5905466332783151,Medium
circ_00013,1,0.7718627250955741,High
circ_00014,1,0.7806787276926731,High
circ_00015,0,0.24878603979502664,Low
circ_00016,0,0.11565357142107668,Low
circ_00017,1,0.49032724358597507,Medium
circ_00018,0,0.19063309369785678,Low
circ_00019,1,0.3048185594943018,Medium
circ_00020,0,0.09387221826409446,Low
circ_00021,1,0.369535077086805,Medium
circ_00022,0,0.20968464854621569,Low
circ_00023,1,0.5626216875365503,Medium
circ_00024,0,0.2517541184940896,Low
circ_00025,1,0.9269631389224438,High
circ_00026,1,0.3641094424710985,Medium
circ_00027,1,0.6707587803295936,High
circ_00028,1,0.7909664757921415,High
circ_00029,1,0.6025857431158842,High
circ_00030,0,0.024589720393098657,Low
circ_00031,0,0.29423814162437545,Low
circ_00032,0,0.041510460266457,Low
circ_00033,1,0.6687650230908417,High
circ_00034,0,0.14416798225088043,Low
circ_00035,0,0.29517190916914904,Low
circ_00036,1,0.5794436977790042,Medium
circ_00037,1,0.31032096253603747,Medium
circ_00038,1,0.5178183978187423,Medium
circ_00039,1,0.42108776858096914,Medium
circ_00040,1,0.8472411862246787,High
circ_00041,0,0.184628674509878,Low
circ_00042,1,0.33525055206371196,Medium
circ_00043,0,0.21747935925588577,Low
circ_00044,1,0.3909624581279024,Medium
circ_00045,0,0.011392790270881957,Low
circ_00046,0,0.04065506206822621,Low
circ_00047,1,0.33845553308972937,Medium
circ_00048,1,0.782463496447929,High
circ_00049,1,0.8277125531802098,High
circ_00050,1,0.9747413720364061,High
circ_00051,1,0.928659733552029,High
circ_00052,1,0.5284376500308475,Medium
circ_00053,0,0.00911387398633875,Low
circ_00054,0,0.055657792577315755,Low
circ_00055,1,0.3102783368380513,Medium
circ_00056,1,0.6444253213126618,High
circ_00057,0,0.09401082192910738,Low
circ_00058,0,0.21294141398171157,Low
circ_00059,1,0.3494202026663172,Medium
circ_00060,0,0.044601769108854626,Low
circ_00061,0,0.24741694922307603,Low
circ_00062,0,0.05990562785045375,Low
circ_00063,0,0.2986549345770974,Low
circ_00064,0,0.20007161600526308,Low
circ_00065,1,0.32896514357932355,Medium
circ_00066,1,0.48030776324660696,Medium
circ_00067,1,0.6294201915905117,High
circ_00068,0,0.28134816209771496,Low
circ_00069,0,0.07576832138085762,Low
circ_00070,1,0.9417070770630123,High
circ_00071,1,0.3642157368682302,Medium
circ_00072,0,0.03513216945158334,Low
circ_00073,1,0.9132394705000599,High
circ_00074,1,0.5259778615787456,Medium
circ_00075,1,0.8044019054178347,High
circ_00076,1,0.5931724695001347,Medium
circ_00077,1,0.41251631606566086,Medium
circ_00078,1,0.49377495792165416,Medium
circ_00079,0,0.2583390729134344,Low
circ_00080,1,0.7720473094430762,High
circ_00081,1,0.5541140756611664,Medium
circ_00082,1,0.7594537339382138,High
circ_00083,0,0.1942747632812935,Low
circ_00084,0,0.20220688398048983,Low
circ_00085,1,0.8618339200765841,High
circ_00086,1,0.5924210832304847,Medium
circ_00087,1,0.6400173137720044,High
circ_00088,1,0.8584041163786795,High
circ_00089,0,0.1276065822986051,Low
circ_00090,1,0.6160466313154062,High
circ_00091,1,0.6146831931218514,High
circ_00092,1,0.3097965103782608,Medium
circ_00093,1,0.7960170080678309,High
circ_00094,0,0.2950772375952995,Low
circ_00095,1,0.5881802430037564,Medium
circ_00096,1,0.7058364139074916,High
circ_00097,0,0.18969679378327495,Low
circ_00098,0,0.12369527342493745,Low
circ_00099,1,0.5038655586855555,Medium
circ_00100,1,0.8433321020587964,High
circ_00101,1,0.3592742833051431,Medium
circ_00102,0,0.07374115688335978,Low
circ_00103,1,0.9130483156308037,High
circ_00104,0,0.1987495375083914,Low
circ_00105,1,0.5402813087462568,Medium
circ_00106,1,0.5259172829744728,Medium
circ_00107,1,0.46745767058992727,Medium
circ_00108,1,0.339239733432408,Medium
circ_00109,1,0.51746115171422,Medium
circ_00110,1,0.6542042409979355,High
circ_00111,1,0.9508634833080212,High
circ_00112,0,0.29014921654081566,Low
circ_00113,1,0.5249239075885183,Medium
circ_00114,1,0.6151845443851651,High
circ_00115,1,0.4935253510589489,Medium
circ_00116,0,0.029167325377927433,Low
circ_00117,1,0.9208465788651601,High
circ_00118,0,0.009672110998966333,Low
circ_00119,0,0.06504411775131688,Low
circ_00120,1,0.6143376609298242,High
circ_00121,0,0.030945798229970012,Low
circ_00122,0,0.29127593655806394,Low
circ_00123,0,0.29842789119209895,Low
circ_00124,0,0.25125178730608105,Low
circ_00125,1,0.6463471976765544,High
circ_00126,1,0.34966838109264026,Medium
circ_00127,1,0.5819479927932744,Medium
circ_00128,1,0.9418898376473742,High
circ_00129,1,0.9900716545018764,High
circ_00130,0,0.28812425613791576,Low
circ_00131,0,0.23791934809768528,Low
circ_00132,0,0.11227901449452346,Low
circ_00133,0,0.09474637688506772,Low
circ_00134,0,0.23558206125419892,Low
circ_00135,1,0.30195259406538283,Medium
circ_00136,0,0.04911479439026315,Low
circ_00137,0,0.1130777891775324,Low
circ_00138,1,0.37620830777491204,Medium
circ_00139,0,0.29103052929946843,Low
circ_00140,0,0.22830618126463403,Low
circ_00141,1,0.3869252666336861,Medium
circ_00142,1,0.533543048734871,Medium
circ_00143,0,0.19469465947135323,Low
circ_00144,0,0.0006244537049760801,Low
circ_00145,1,0.4931903298427044,Medium
circ_00146,1,0.5055535734540659,Medium
circ_00147,0,0.1096173037000599,Low
circ_00148,1,0.5842971800907286,Medium
circ_00149,1,0.3013613140232957,Medium
circ_00150,1,0.38445572773992515,Medium
circ_00151,1,0.47890011253878584,Medium
circ_00152,0,0.1389783198300649,Low
circ_00153,0,0.14137649089413162,Low
circ_00154,1,0.7156136256893989,High
circ_00155,1,0.8035012370504587,High
circ_00156,0,0.22705343883899526,Low
circ_00157,0,0.08490414092428421,Low
circ_00158,1,0.8468887436669847,High
circ_00159,1,0.7390260490383671,High
circ_00160,1,0.7023357132606934,High
circ_00161,1,0.6675877022079278,High
circ_00162,1,0.6317632977191059,High
circ_00163,0,0.0368032587607778,Low
circ_00164,1,0.8429446073026291,High
circ_00165,1,0.8394636221945975,High
circ_00166,0,0.18693320627641685,Low
circ_00167,0,0.20128741022108934,Low
circ_00168,1,0.8113909604013588,High
circ_00169,0,0.27267944886399076,Low
circ_00170,0,0.27527483520895235,Low
circ_00171,1,0.6936584938709122,High
circ_00172,0,0.1427399801423695,Low
circ_00173,1,0.43426209256894976,Medium
circ_00174,1,0.41962479277531756,Medium
circ_00175,1,0.39156217878599736,Medium
circ_00176,0,0.21304733438016923,Low
circ_00177,0,0.040269999178482674,Low
circ_00178,1,0.8674080193553106,High
circ_00179,1,0.4811197436891409,Medium
circ_00180,1,0.35312797395661255,Medium
circ_00181,0,0.06267620330852637,Low
circ_00182,1,0.6060428966542774,High
circ_00183,1,0.45382342288802247,Medium
circ_00184,0,0.10460022306352436,Low
circ_00185,0,0.24105418276496968,Low
circ_00186,1,0.41012411207782845,Medium
circ_00187,0,0.26555516079502317,Low
circ_00188,1,0.5465549791188566,Medium
circ_00189,1,0.9345424188908484,High
circ_00190,1,0.6830445462273771,High
circ_00191,1,0.7474684898594512,High
circ_00192,0,0.2755900747493518,Low
circ_00193,1,0.8140466075633602,High
circ_00194,1,0.5163817417809302,Medium
circ_00195,1,0.5514518016623734,Medium
circ_00196,1,0.9389164404117516,High
circ_00197,0,0.28306020644332214,Low
circ_00198,0,0.27771568205014896,Low
circ_00199,1,0.7372047065135028,High
circ_00200,1,0.7192020866525908,High
circ_00201,1,0.5541363678494153,Medium
circ_00202,1,0.7566772519964947,High
circ_00203,0,0.11145902575607432,Low
circ_00204,0,0.14280164391973912,Low
circ_00205,1,0.5515285670775502,Medium
circ_00206,0,0.008517155466982928,Low
circ_00207,1,0.7046710320628597,High
circ_00208,1,0.9590594901441324,High
circ_00209,0,0.1842015602580999,Low
circ_00210,1,0.7963197851015074,High
circ_00211,1,0.4807277246446261,Medium
circ_00212,0,0.19610973640378773,Low
circ_00213,0,0.1295177982592924,Low
circ_00214,1,0.6478136033915156,High
circ_00215,1,0.5153401903377882,Medium
circ_00216,1,0.35913862549341063,Medium
circ_00217,1,0.7215087349667422,High
circ_00218,0,0.19729068686005485,Low
circ_00219,1,0.4900749106151405,Medium
circ_00220,0,0.2586585414097856,Low
circ_00221,1,0.5675085347879962,Medium
circ_00222,0,0.2331414322404106,Low
circ_00223,1,0.7913080844848925,High
circ_00224,1,0.512539406623665,Medium
circ_00225,1,0.8640574078588317,High
circ_00226,1,0.7195116878846765,High
circ_00227,1,0.6198454424775017,High
circ_00228,1,0.33415142516649377,Medium
circ_00229,0,0.1529649942327019,Low
circ_00230,0,0.024951105526586293,Low
circ_00231,1,0.9058615941170517,High
circ_00232,1,0.9700648360916603,High
circ_00233,0,0.08831960010767857,Low
circ_00234,1,0.4246170391690426,Medium
circ_00235,1,0.8504675268354467,High
circ_00236,1,0.962466398925332,High
circ_00237,1,0.5208713864014082,Medium
circ_00238,0,0.09694421393110304,Low
circ_00239,1,0.4058211019930604,Medium
circ_00240,0,0.16548707471787552,Low
circ_00241,1,0.3150943758653586,Medium
circ_00242,0,0.21158856538189244,Low
circ_00243,1,0.6296113505493244,High
circ_00244,1,0.8378353248581889,High
circ_00245,1,0.45686972512147617,Medium
circ_00246,1,0.38913866359760463,Medium
circ_00247,0,0.05889743523816712,Low
circ_00248,0,0.044518427327285635,Low
circ_00249,0,0.26446902063634226,Low
circ_00250,1,0.47113765480282177,Medium
circ_00251,1,0.6665787056399686,High
circ_00252,1,0.5987399587988574,Medium
circ_00253,1,0.3117868805379928,Medium
circ_00254,0,0.25180357667675785,Low
circ_00255,1,0.9173746176458512,High
circ_00256,1,0.7206294831167364,High
circ_00257,0,0.14116071023060886,Low
circ_00258,1,0.9176935542589661,High
circ_00259,1,0.7870224746949848,High
circ_00260,1,0.6315295581813399,High
circ_00261,1,0.5082231256418546,Medium
circ_00262,1,0.4528865517172673,Medium
circ_00263,1,0.4136927481816989,Medium
circ_00264,0,0.09163203971262214,Low
circ_00265,0,0.08717653992971623,Low
circ_00266,0,0.08752254078443224,Low
circ_00267,1,0.5581623354650402,Medium
circ_00268,1,0.6482453092635679,High
circ_00269,0,0.13369494039731775,Low
circ_00270,1,0.5167034891092643,Medium
circ_00271,1,0.33538977997171066,Medium
circ_00272,1,0.4041035732314746,Medium
circ_00273,1,0.6949741437140359,High
circ_00274,0,0.06620267918766405,Low
circ_00275,1,0.7923815290333783,High
circ_00276,0,0.002422598631746253,Low
circ_00277,1,0.3291692455043569,Medium
circ_00278,0,0.12191822225139017,Low
circ_00279,0,0.08202188835117909,Low
circ_00280,1,0.325283885363372,Medium
circ_00281,1,0.3824816173943737,Medium
circ_00282,1,0.8923470974202703,High
circ_00283,1,0.570581438274669,Medium
circ_00284,1,0.38616671017347454,Medium
circ_00285,1,0.3389989755671421,Medium
circ_00286,0,0.12055063749323291,Low
circ_00287,1,0.37180618054612175,Medium
circ_00288,1,0.8926877154242732,High
circ_00289,1,0.41255183307847737,Medium
circ_00290,0,0.01177327340897002,Low
circ_00291,1,0.7055721423528574,High
circ_00292,0,0.17957366764064786,Low
circ_00293,0,0.05766291801182974,Low
circ_00294,0,0.09002105301108464,Low
circ_00295,1,0.35046146470620543,Medium
circ_00296,1,0.9920606707337056,High
circ_00297,1,0.9598148321552491,High
circ_00298,1,0.8629313305907915,High
circ_00299,1,0.5157189878367965,Medium
circ_00300,1,0.7999097147585439,High
circ_00301,0,0.14748196820303425,Low
circ_00302,1,0.9123261235259145,High
circ_00303,1,0.8185670348758077,High
circ_00304,1,0.9596169874004787,High
circ_00305,0,0.17256381846336147,Low
circ_00306,1,0.3432603733163895,Medium
circ_00307,0,0.048277302161359156,Low
circ_00308,1,0.41877108913937433,Medium
circ_00309,1,0.43322040581356014,Medium
circ_00310,0,0.003410947068778158,Low
circ_00311,0,0.25033141898892874,Low
circ_00312,0,0.051117241221761846,Low
circ_00313,0,0.10103214182718846,Low
circ_00314,0,0.0359629583250451,Low
circ_00315,0,0.1763729710286771,Low
circ_00316,0,0.2655095928538886,Low
circ_00317,1,0.8669745852545075,High
circ_00318,1,0.3538877965270811,Medium
circ_00319,0,0.04815909810936555,Low
circ_00320,0,0.21038147745534966,Low
circ_00321,0,0.27424643659723125,Low
circ_00322,0,0.10517867651606445,Low
circ_00323,0,0.0872530371749336,Low
circ_00324,1,0.6600010371438768,High
circ_00325,1,0.3307895023784829,Medium
circ_00326,1,0.5825093770261514,Medium
circ_00327,1,0.9957163591825389,High
circ_00328,1,0.5653937185192315,Medium
circ_00329,1,0.9594314733226479,High
circ_00330,1,0.4680194041662309,Medium
circ_00331,0,0.25357604620585017,Low
circ_00332,1,0.4636175748624185,Medium
circ_00333,1,0.646507074132279,High
circ_00334,1,0.388961272742165,Medium
circ_00335,0,0.27359824540351474,Low
circ_00336,0,0.287445927028597,Low
circ_00337,0,0.04709612488977114,Low
circ_00338,0,0.25111033342016453,Low
circ_00339,1,0.32842169154489476,Medium
circ_00340,0,0.040122499160152265,Low
circ_00341,1,0.9442612904258605,High
circ_00342,0,0.271016992855063,Low
circ_00343,0,0.2229606383119128,Low
circ_00344,0,0.09240131867603595,Low
circ_00345,0,0.14405278859576617,Low
circ_00346,0,0.0865560027637722,Low
circ_00347,1,0.8494238078471408,High
circ_00348,1,0.653785323981577,High
circ_00349,0,0.23092967507675968,Low
circ_00350,1,0.49383102842778503,Medium
circ_00351,1,0.5088347420025301,Medium
circ_00352,1,0.8299551634795369,High
circ_00353,0,0.20944459643197041,Low
circ_00354,1,0.5731032489548116,Medium
circ_00355,1,0.6059042783624193,High
circ_00356,0,0.24691329503990914,Low
circ_00357,0,0.14968833249570468,Low
circ_00358,0,0.007979199626190024,Low
circ_00359,1,0.6936321738519862,High
circ_00360,1,0.3846508234785514,Medium
circ_00361,0,0.24997687837287808,Low
circ_00362,0,0.08584489002154033,Low
circ_00363,1,0.5609797336913733,Medium
circ_00364,0,0.07822128583543514,Low
circ_00365,1,0.5682791508339093,Medium
circ_00366,1,0.4009847275373437,Medium
circ_00367,1,0.5160814413815201,Medium
circ_00368,1,0.9797043766815755,High
circ_00369,1,0.43202716728519514,Medium
circ_00370,1,0.48688345904072494,Medium
circ_00371,1,0.41947441065110624,Medium
circ_00372,1,0.45106742382790455,Medium
circ_00373,1,0.5151282643148944,Medium
circ_00374,0,0.017189799067225352,Low
circ_00375,0,0.1349378833771731,Low
circ_00376,0,0.20644454390051936,Low
circ_00377,0,0.08272729259078233,Low
circ_00378,1,0.5550343656250065,Medium
circ_00379,0,0.047398193815562525,Low
circ_00380,1,0.31873837184205916,Medium
circ_00381,0,0.2840546311720993,Low
circ_00382,0,0.10475151802902503,Low
circ_00383,1,0.38096625657799477,Medium
circ_00384,1,0.4107862030658015,Medium
circ_00385,1,0.35919014794185794,Medium
circ_00386,1,0.3251208799854747,Medium
circ_00387,1,0.8952075298337729,High
circ_00388,1,0.37188668163606287,Medium
circ_00389,1,0.3438205097167934,Medium
circ_00390,1,0.4012419050104309,Medium
circ_00391,0,0.19908741177548953,Low
circ_00392,1,0.5140440630891846,Medium
circ_00393,1,0.4215728766106783,Medium
circ_00394,0,0.27054020257664624,Low
circ_00395,1,0.5781889426948726,Medium
circ_00396,1,0.35691561812875006,Medium
circ_00397,0,0.297095537107411,Low
circ_00398,1,0.5936196440900423,Medium
circ_00399,1,0.477235177596538,Medium
circ_00400,1,0.5603131114728233,Medium
circ_00401,1,0.5410510817073392,Medium
circ_00402,0,0.24502074617104214,Low
circ_00403,1,0.6368008744802508,High
circ_00404,1,0.8770726441091722,High
circ_00405,1,0.5122662471720082,Medium
circ_00406,0,0.24780150299455508,Low
circ_00407,1,0.9985153917873224,High
circ_00408,0,0.21753885412461413,Low
circ_00409,1,0.5547251361523164,Medium
circ_00410,0,0.18095273923188018,Low
circ_00411,1,0.985770607433312,High
circ_00412,0,0.16790045195581177,Low
circ_00413,1,0.9061386323137216,High
circ_00414,1,0.7772686661542786,High
circ_00415,1,0.5840459261723017,Medium
circ_00416,0,0.04205339865583596,Low
circ_00417,1,0.3440255783566854,Medium
circ_00418,1,0.8354287157551423,High
circ_00419,1,0.5645387828015868,Medium
circ_00420,0,0.16385173170675194,Low
circ_00421,1,0.47119717237050096,Medium
circ_00422,0,0.10294949447523347,Low
circ_00423,1,0.6141800947807516,High
circ_00424,1,0.7402412583166089,High
circ_00425,0,0.002985272093102287,Low
circ_00426,0,0.06483297067911835,Low
circ_00427,1,0.6061278566168286,High
circ_00428,1,0.46914868180313507,Medium
circ_00429,0,0.1297969402617033,Low
circ_00430,0,0.28117539317479245,Low
circ_00431,0,0.2598217379805892,Low
circ_00432,1,0.36269082378472794,Medium
circ_00433,1,0.45487424389470865,Medium
circ_00434,0,0.24851504874582142,Low
circ_00435,1,0.5949486639802878,Medium
circ_00436,1,0.9254032139324967,High
circ_00437,1,0.652601564772331,High
circ_00438,0,0.24963290627088913,Low
circ_00439,1,0.7390134360489524,High
circ_00440,1,0.39073853738307723,Medium
circ_00441,0,0.0912527390376433,Low
circ_00442,1,0.6013747827908837,High
circ_00443,1,0.36167799625433994,Medium
circ_00444,0,0.14951726093162354,Low
circ_00445,0,0.24237472794362577,Low
circ_00446,0,0.2728752129130641,Low
circ_00447,1,0.9072328661608082,High
circ_00448,1,0.40297167200920203,Medium
circ_00449,1,0.7000842725579041,High
circ_00450,1,0.3412722246645074,Medium
circ_00451,1,0.4218464537156245,Medium
circ_00452,0,0.019793002850445884,Low
circ_00453,1,0.5464678470165305,Medium
circ_00454,1,0.719110307879085,High
circ_00455,0,0.23071523601142793,Low
circ_00456,0,0.10327314433084048,Low
circ_00457,1,0.5247438199388024,Medium
circ_00458,0,0.07890823290178398,Low
circ_00459,1,0.912311554987177,High
circ_00460,0,0.25844487740881156,Low
circ_00461,1,0.45323268571920194,Medium
circ_00462,1,0.4102363353960875,Medium
circ_00463,0,0.2957302035760601,Low
circ_00464,0,0.19287620175380496,Low
circ_00465,1,0.7441194652878843,High
circ_00466,1,0.7885269682049875,High
circ_00467,1,0.3630721539841067,Medium
circ_00468,0,0.0005620780304431249,Low
circ_00469,1,0.49754339303582046,Medium
circ_00470,1,0.5373229877624605,Medium
circ_00471,0,0.2644963534131886,Low
circ_00472,0,0.06342912649495148,Low
circ_00473,1,0.3762126301614751,Medium
circ_00474,1,0.87541744010397,High
circ_00475,0,0.177169991698725,Low
circ_00476,0,0.13516708198848237,Low
circ_00477,0,0.050620803804821056,Low
circ_00478,1,0.8082567433317864,High
circ_00479,0,0.00783376265971074,Low
circ_00480,1,0.6624453551843136,High
circ_00481,1,0.43031623475499137,Medium
circ_00482,0,0.11334626783743357,Low
circ_00483,1,0.6326412322696686,High
circ_00484,1,0.7645912058971219,High
circ_00485,0,0.08346935623098607,Low
circ_00486,0,0.005059379219260929,Low
circ_00487,0,0.14371168549872795,Low
circ_00488,1,0.30130748735937163,Medium
circ_00489,0,0.16425429610404232,Low
circ_00490,0,0.26028772630920927,Low
circ_00491,1,0.6719031494387327,High
circ_00492,1,0.579859423224518,Medium
circ_00493,0,0.23092130795135973,Low
circ_00494,1,0.3604475472459342,Medium
circ_00495,0,0.08495106516482684,Low
circ_00496,1,0.5342337008082988,Medium
circ_00497,0,0.14326915399249485,Low
circ_00498,0,0.09326691758939006,Low
circ_00499,0,0.02695394715570085,Low
circ_00500,0,0.12442032266595464,Low
circ_00501,1,0.5471604367292424,Medium
circ_00502,1,0.43318856386568494,Medium
circ_00503,0,0.29675450391388397,Low
circ_00504,0,0.06167079273344282,Low
circ_00505,0,0.031849320615778276,Low
circ_00506,0,0.03906010660435707,Low
circ_00507,0,0.09286276997003737,Low
circ_00508,1,0.7456876567336226,High
circ_00509,1,0.614581163087615,High
circ_00510,0,0.2938529820169807,Low
circ_00511,0,0.20251948564550484,Low
circ_00512,1,0.4864637240594375,Medium
circ_00513,1,0.5392962779926846,Medium
circ_00514,0,0.1195444239151483,Low
circ_00515,1,0.6567406975917945,High
circ_00516,1,0.45479372344681945,Medium
circ_00517,1,0.8378234011530337,High
circ_00518,0,0.11181966682495602,Low
circ_00519,1,0.9765717007556046,High
circ_00520,0,0.2846573956269534,Low
circ_00521,1,0.8984170166061387,High
circ_00522,0,0.16394624724122617,Low
circ_00523,1,0.32706146993576174,Medium
circ_00524,0,0.02086134094629427,Low
circ_00525,1,0.5692084288828461,Medium
circ_00526,0,0.10789187170723084,Low
circ_00527,0,0.1818854445551364,Low
circ_00528,1,0.914275938425845,High
circ_00529,0,0.21657665479969027,Low
circ_00530,1,0.3694311339037136,Medium
circ_00531,1,0.7289003368087869,High
circ_00532,1,0.6984788418196419,High
circ_00533,1,0.5137332557377059,Medium
circ_00534,1,0.6936266478994435,High
circ_00535,0,0.05688101519021166,Low
circ_00536,0,0.0005137945878637028,Low
circ_00537,1,0.5667841820736939,Medium
circ_00538,0,0.20190393046135843,Low
circ_00539,1,0.9511383509986707,High
circ_00540,0,0.24154248371307627,Low
circ_00541,1,0.5337601406561809,Medium
circ_00542,0,0.2454269305389894,Low
circ_00543,0,0.2953224143629556,Low
circ_00544,0,0.0901446335374852,Low
circ_00545,0,0.03009071726431286,Low
circ_00546,1,0.7377449729509851,High
circ_00547,1,0.3209472588297464,Medium
circ_00548,1,0.4997046586153724,Medium
circ_00549,1,0.45476111820753007,Medium
circ_00550,1,0.652088273049709,High
circ_00551,1,0.6599113463856086,High
circ_00552,1,0.8196342616893779,High
circ_00553,1,0.7397229208017883,High
circ_00554,0,0.1765728857169652,Low
circ_00555,0,0.2999976126908898,Low
circ_00556,1,0.5450422450253531,Medium
circ_00557,0,0.15162399169737054,Low
circ_00558,0,0.2541047735608609,Low
circ_00559,1,0.7238780472341126,High
circ_00560,0,0.020749186094228832,Low
circ_00561,0,0.081936480996051,Low
circ_00562,1,0.9847623771453464,High
circ_00563,0,0.29355850365086594,Low
circ_00564,1,0.3561928394683202,Medium
circ_00565,0,0.08958646123263765,Low
circ_00566,0,0.2423331651770079,Low
circ_00567,0,0.1373113372103554,Low
circ_00568,0,0.14165653538810127,Low
circ_00569,0,0.10797839037672266,Low
circ_00570,0,0.223443090474832,Low
circ_00571,1,0.32969988423406016,Medium
circ_00572,1,0.3092512290652565,Medium
circ_00573,1,0.9236596138125259,High
circ_00574,1,0.4351887281202968,Medium
circ_00575,1,0.47028307431319605,Medium
circ_00576,1,0.46552696965100016,Medium
circ_00577,0,0.16460822330792005,Low
circ_00578,0,0.04550052637047449,Low
circ_00579,1,0.7428324660814746,High
circ_00580,1,0.8161902247821964,High
circ_00581,1,0.7666720715504505,High
circ_00582,0,0.04323097663389169,Low
circ_00583,0,0.08500369442480098,Low
circ_00584,0,0.07178985413586585,Low
circ_00585,0,0.03889744928449483,Low
circ_00586,0,0.08368040860766164,Low
circ_00587,0,0.22721313052887235,Low
circ_00588,1,0.5613445914643826,Medium
circ_00589,1,0.9266213716363463,High
circ_00590,0,0.17900987009930477,Low
circ_00591,0,0.22625448208677834,Low
circ_00592,1,0.48961412563564594,Medium
circ_00593,1,0.3025069312396239,Medium
circ_00594,0,0.20940440287727394,Low
circ_00595,1,0.6045552450472412,High
circ_00596,1,0.8731762058665142,High
circ_00597,0,0.26008908652015345,Low
circ_00598,1,0.5569950869508133,Medium
circ_00599,1,0.38561714092934474,Medium
circ_00600,1,0.3006726523144117,Medium
circ_00601,0,0.10428333717349587,Low
circ_00602,1,0.6932044895998041,High
circ_00603,0,0.06731453607741307,Low
circ_00604,1,0.3083571346442082,Medium
circ_00605,1,0.4017056117287891,Medium
circ_00606,0,0.07970658886271904,Low
circ_00607,1,0.7354230675248168,High
circ_00608,1,0.9191556454723174,High
circ_00609,1,0.5059752520749023,Medium
circ_00610,1,0.7798479642601441,High
circ_00611,1,0.3118105876908572,Medium
circ_00612,1,0.8480603413746892,High
circ_00613,1,0.4017521359782685,Medium
circ_00614,0,0.16249164724647783,Low
circ_00615,0,0.0247734519948132,Low
circ_00616,0,0.24050845743982033,Low
circ_00617,0,0.01783599841259127,Low
circ_00618,0,0.050941444404876586,Low
circ_00619,0,0.11189933589048702,Low
circ_00620,0,0.19316237437773917,Low
circ_00621,0,0.2430304355010234,Low
circ_00622,0,0.18547718893341442,Low
circ_00623,0,0.05530824758666623,Low
circ_00624,1,0.6899886888449394,High
circ_00625,1,0.8480143806059777,High
circ_00626,1,0.8209262301816843,High
circ_00627,0,0.14410061362674473,Low
circ_00628,0,0.15790244434576106,Low
circ_00629,0,0.1300968219973144,Low
circ_00630,0,0.07193862254004581,Low
circ_00631,1,0.6326353373987335,High
circ_00632,1,0.4616156349571272,Medium
circ_00633,1,0.6222323728650607,High
circ_00634,1,0.35148694884609494,Medium
circ_00635,0,0.21361802544773242,Low
circ_00636,1,0.3949357823579701,Medium
circ_00637,0,0.2765331664951789,Low
circ_00638,0,0.15659092991599635,Low
circ_00639,1,0.877371569548294,High
circ_00640,0,0.09423324065418871,Low
circ_00641,0,0.060272506061576046,Low
circ_00642,0,0.28158333135527513,Low
circ_00643,0,0.04989193964798792,Low
circ_00644,1,0.9994811906083907,High
circ_00645,1,0.35067095256029207,Medium
circ_00646,1,0.5465519571123472,Medium
circ_00647,1,0.5130619884952365,Medium
circ_00648,0,0.1588943105113838,Low
circ_00649,1,0.735279877119807,High
circ_00650,1,0.31842940999210123,Medium
circ_00651,1,0.9271850894514535,High
circ_00652,1,0.3117657558576587,Medium
circ_00653,1,0.8339253809829257,High
circ_00654,0,0.07265252761450193,Low
circ_00655,1,0.5376782963906397,Medium
circ_00656,0,0.2769634525685257,Low
circ_00657,1,0.7553063105933439,High
circ_00658,1,0.7719299375676522,High
circ_00659,1,0.859634859198614,High
circ_00660,1,0.9049668423722846,High
circ_00661,0,0.0005869807338507727,Low
circ_00662,0,0.10931873570799226,Low
circ_00663,1,0.7080902277747113,High
circ_00664,0,0.2377111521369668,Low
circ_00665,0,0.128738582833908,Low
circ_00666,0,0.1208860771781262,Low
circ_00667,1,0.3280302600772322,Medium
circ_00668,1,0.8734398572090765,High
circ_00669,0,0.27851824810269965,Low
circ_00670,1,0.5176144388120149,Medium
circ_00671,0,0.13767599661777347,Low
circ_00672,0,0.12476951441064235,Low
circ_00673,0,0.049773968978096696,Low
circ_00674,0,0.20999616428629242,Low
circ_00675,1,0.5045707968323655,Medium
circ_00676,0,0.08965593843111223,Low
circ_00677,0,0.23813470298926648,Low
circ_00678,0,0.07873373758404235,Low
circ_00679,1,0.324145155771748,Medium
circ_00680,1,0.6573426014217484,High
circ_00681,0,0.2678238596492953,Low
circ_00682,1,0.31700765008801174,Medium
circ_00683,0,0.26729382787399764,Low
circ_00684,1,0.7255831203733072,High
circ_00685,0,0.20913531197257887,Low
circ_00686,0,0.21719544218038153,Low
circ_00687,0,0.16386386282637974,Low
circ_00688,1,0.5663134558919869,Medium
circ_00689,1,0.4374294075146413,Medium
circ_00690,0,0.25784878826774205,Low
circ_00691,1,0.5751527393292792,Medium
circ_00692,1,0.7889506170944254,High
circ_00693,0,0.10369814799048145,Low
circ_00694,1,0.9824669788515955,High
circ_00695,1,0.47679666699388673,Medium
circ_00696,0,0.22847354747469495,Low
circ_00697,0,0.07869321489017513,Low
circ_00698,0,0.20732324032156932,Low
circ_00699,1,0.3303548590784244,Medium
circ_00700,0,0.21977343866496502,Low
circ_00701,1,0.5366631580696835,Medium
circ_00702,1,0.7990572873288705,High
circ_00703,1,0.4177625142754267,Medium
circ_00704,1,0.35409882894167316,Medium
circ_00705,0,0.16310254758495357,Low
circ_00706,1,0.93916203604156,High
circ_00707,1,0.6286589025175684,High
circ_00708,0,0.17527505390988612,Low
circ_00709,1,0.371993988601878,Medium
circ_00710,1,0.6803835987020179,High
circ_00711,0,0.14247331034717245,Low
circ_00712,1,0.30882093827421087,Medium
circ_00713,1,0.6344279257759956,High
circ_00714,0,0.1891763077653172,Low
circ_00715,0,0.03809182955061737,Low
circ_00716,1,0.6856002648581238,High
circ_00717,1,0.5095793181120017,Medium
circ_00718,0,0.06265467400451878,Low
circ_00719,0,0.16955616364434475,Low
circ_00720,0,0.07522062041979129,Low
circ_00721,0,0.23403981007784114,Low
circ_00722,1,0.785235872107123,High
circ_00723,1,0.6165244568163902,High
circ_00724,1,0.7783832871045508,High
circ_00725,1,0.42598953937433703,Medium
circ_00726,0,0.10883256906848145,Low
circ_00727,1,0.6355711440819607,High
circ_00728,1,0.7769320653448755,High
circ_00729,1,0.4621996120355647,Medium
circ_00730,0,0.19307152727606983,Low
circ_00731,1,0.33517347242550943,Medium
circ_00732,1,0.7889120141470695,High
circ_00733,1,0.702010748836907,High
circ_00734,1,0.33645737372530105,Medium
circ_00735,1,0.7376752213787232,High
circ_00736,0,0.1412018468372885,Low
circ_00737,0,0.21076603789278278,Low
circ_00738,1,0.5677796837446716,Medium
circ_00739,0,0.19474613868143448,Low
circ_00740,0,0.19472813003675107,Low
circ_00741,1,0.806051791145748,High
circ_00742,0,0.08253141196017845,Low
circ_00743,0,0.11301690650073938,Low
circ_00744,1,0.39336915926720073,Medium
circ_00745,1,0.6786557750894369,High
circ_00746,1,0.5722996516874584,Medium
circ_00747,1,0.5037206502357052,Medium
circ_00748,0,0.06247745722955994,Low
circ_00749,1,0.3370526141230207,Medium
circ_00750,1,0.7701392794567739,High
circ_00751,1,0.6214316660604726,High
circ_00752,1,0.907637756529435,High
circ_00753,1,0.3229248997817698,Medium
circ_00754,0,0.15062077685628347,Low
circ_00755,1,0.43332613493618555,Medium
circ_00756,1,0.9641036356735966,High
circ_00757,0,0.045197260371772206,Low
circ_00758,0,0.14064782953696578,Low
circ_00759,1,0.5804433462136329,Medium
circ_00760,1,0.5958828190839276,Medium
circ_00761,0,0.28047566899052573,Low
circ_00762,1,0.5640636973996063,Medium
circ_00763,0,0.04036711658605674,Low
circ_00764,0,0.18309031971916903,Low
circ_00765,1,0.34161908313993483,Medium
circ_00766,0,0.17635559721611407,Low
circ_00767,1,0.44151344076885735,Medium
circ_00768,1,0.3554682938052536,Medium
circ_00769,1,0.9076228636709287,High
circ_00770,0,0.19233538277346066,Low
circ_00771,1,0.8246846940307324,High
circ_00772,1,0.5710127034913135,Medium
circ_00773,1,0.3939469599164076,Medium
circ_00774,1,0.38607431386271013,Medium
circ_00775,1,0.46328841974733304,Medium
circ_00776,1,0.741176442459825,High
circ_00777,0,0.21832835266067455,Low
circ_00778,1,0.936138776296727,High
circ_00779,1,0.9150864553137179,High
circ_00780,0,0.25840065915243676,Low
circ_00781,0,0.08612828461689351,Low
circ_00782,1,0.3046765794460197,Medium
circ_00783,0,0.118774043791181,Low
circ_00784,1,0.35442752176324616,Medium
circ_00785,1,0.4136542445730802,Medium
circ_00786,0,0.16745777471963513,Low
circ_00787,0,0.24519324647322308,Low
circ_00788,1,0.6586093712777872,High
circ_00789,1,0.46639415444925836,Medium
circ_00790,1,0.7929286494817334,High
circ_00791,0,0.008681886745946022,Low
circ_00792,1,0.5767234701204182,Medium
circ_00793,1,0.40527655484538455,Medium
circ_00794,0,0.02801199411034063,Low
circ_00795,1,0.546369184349299,Medium
circ_00796,1,0.4104904421183886,Medium
circ_00797,1,0.7970842705180203,High
circ_00798,0,0.26505132618916594,Low
circ_00799,1,0.36215215832416287,Medium
circ_00800,1,0.5790767971825699,Medium
circ_00801,1,0.5516564596687916,Medium
circ_00802,0,0.0027845523622936907,Low
circ_00803,1,0.7439621912942694,High
circ_00804,0,0.058819011077910564,Low
circ_00805,0,0.2318928790812728,Low
circ_00806,0,0.019522347091436753,Low
circ_00807,1,0.4417637338985573,Medium
circ_00808,0,0.03934374577114539,Low
circ_00809,0,0.04338197345076602,Low
circ_00810,0,0.20068979461609396,Low
circ_00811,1,0.7715271591974167,High
circ_00812,0,0.17783302288622477,Low
circ_00813,0,0.19153540071626862,Low
circ_00814,1,0.4076926079792045,Medium
circ_00815,1,0.45492504419567625,Medium
circ_00816,0,0.11872221381859238,Low
circ_00817,1,0.608206122211128,High
circ_00818,0,0.29454824185783746,Low
circ_00819,0,0.2611439413771106,Low
circ_00820,1,0.936089210475904,High
circ_00821,0,0.22959693494082822,Low
circ_00822,1,0.5485877304942549,Medium
circ_00823,1,0.7447418890063977,High
circ_00824,1,0.4983222884104811,Medium
circ_00825,0,0.16611925400447816,Low
circ_00826,0,0.21678776130494412,Low
circ_00827,1,0.5809744941647327,Medium
circ_00828,0,0.06959875743381165,Low
circ_00829,1,0.40099914330331154,Medium
circ_00830,1,0.47465532639917807,Medium
circ_00831,1,0.8621396440828265,High
circ_00832,0,0.021631835742943438,Low
circ_00833,0,0.19561562717601558,Low
circ_00834,1,0.6385193568492783,High
circ_00835,0,0.125387006089179,Low
circ_00836,1,0.42573979479660584,Medium
circ_00837,0,0.1466323320199919,Low
circ_00838,0,0.10000818880213805,Low
circ_00839,1,0.895331736915082,High
circ_00840,1,0.579113845661444,Medium
circ_00841,1,0.8918514699499402,High
circ_00842,0,0.28861980554932026,Low
circ_00843,0,0.0002487707084697366,Low
circ_00844,0,0.10031768242397542,Low
circ_00845,0,0.08096765477205282,Low
circ_00846,0,0.12399651799704546,Low
circ_00847,1,0.7475164350229787,High
circ_00848,1,0.972806112998356,High
circ_00849,0,0.2297472442324453,Low
circ_00850,1,0.9545757880249952,High
circ_00851,0,0.15914425205598343,Low
circ_00852,0,0.2391316520403208,Low
circ_00853,0,0.01931649093739285,Low
circ_00854,1,0.3060932202775897,Medium
circ_00855,1,0.3257722605049542,Medium
circ_00856,1,0.8364779224443195,High
circ_00857,0,0.10059858047836737,Low
circ_00858,0,0.23064241861891976,Low
circ_00859,1,0.6387478696904074,High
circ_00860,1,0.43679633842655563,Medium
circ_00861,1,0.3938386668095319,Medium
circ_00862,0,0.04444012287825844,Low
circ_00863,1,0.37856178983469363,Medium
circ_00864,0,0.2689411027595305,Low
circ_00865,0,0.22737715918324056,Low
circ_00866,1,0.96963817958279,High
circ_00867,1,0.7635459440998678,High
circ_00868,0,0.21441268904786154,Low
circ_00869,1,0.3109819728566179,Medium
circ_00870,1,0.6810350580480835,High
circ_00871,1,0.536096343465005,Medium
circ_00872,0,0.06689553183030508,Low
circ_00873,1,0.9092952524534555,High
circ_00874,1,0.9895130036796823,High
circ_00875,1,0.8378516674472035,High
circ_00876,0,0.1063560509089587,Low
circ_00877,0,0.10370232524656194,Low
circ_00878,0,0.044247058734198076,Low
circ_00879,0,0.2003213724438744,Low
circ_00880,0,0.03618253956057248,Low
circ_00881,0,0.23518484514104732,Low
circ_00882,1,0.6977201507694258,High
circ_00883,0,0.12650858319718522,Low
circ_00884,1,0.7974505765942277,High
circ_00885,1,0.3487156710335992,Medium
circ_00886,0,0.2636722418027993,Low
circ_00887,0,0.03466559220859944,Low
circ_00888,0,0.22958972777282324,Low
circ_00889,1,0.7328922710849086,High
circ_00890,1,0.970182443439221,High
circ_00891,1,0.5673882798513321,Medium
circ_00892,1,0.8474995744353916,High
circ_00893,1,0.9922274120405645,High
circ_00894,0,0.15777788337323015,Low
circ_00895,0,0.015387804764420454,Low
circ_00896,0,0.2640773438415211,Low
circ_00897,1,0.5817393032227786,Medium
circ_00898,0,0.1637377869653537,Low
circ_00899,1,0.4722811657228115,Medium
circ_00900,0,0.004080034349987471,Low
circ_00901,0,0.0753752966285158,Low
circ_00902,1,0.4752520148100978,Medium
circ_00903,1,0.9075632334296796,High
circ_00904,1,0.8252480769599188,High
circ_00905,1,0.42812710645611396,Medium
circ_00906,1,0.5084403617980162,Medium
circ_00907,1,0.8009247987285562,High
circ_00908,1,0.3614008366248117,Medium
circ_00909,1,0.47706485418454136,Medium
circ_00910,0,0.15426783769125862,Low
circ_00911,0,0.13480708050418347,Low
circ_00912,0,0.08962533531771255,Low
circ_00913,0,0.27910952880471906,Low
circ_00914,0,0.10212686025251734,Low
circ_00915,1,0.3271305213893309,Medium
circ_00916,1,0.837024409681253,High
circ_00917,1,0.7643145307694186,High
circ_00918,1,0.7257405295375969,High
circ_00919,0,0.06581689096647834,Low
circ_00920,0,0.2793853078652375,Low
circ_00921,0,0.29757670242062284,Low
circ_00922,0,0.2720094492224163,Low
circ_00923,0,0.055895250605281166,Low
circ_00924,1,0.47748612589222583,Medium
circ_00925,1,0.692430880951916,High
circ_00926,1,0.5033627624839795,Medium
circ_00927,1,0.8482922517128014,High
circ_00928,0,0.1461267323186248,Low
circ_00929,1,0.3084122663267492,Medium
circ_00930,0,0.2955734594117508,Low
circ_00931,1,0.4048348241905333,Medium
circ_00932,1,0.49733321324146906,Medium
circ_00933,0,0.22546240655713734,Low
circ_00934,1,0.7104127649107389,High
circ_00935,1,0.7664617905058436,High
circ_00936,1,0.5290065778877415,Medium
circ_00937,1,0.9091034835467994,High
circ_00938,0,0.16141661119080147,Low
circ_00939,0,0.06895417910659818,Low
circ_00940,0,0.2999556340115437,Low
circ_00941,0,0.0024252466849840723,Low
circ_00942,1,0.3441708405168144,Medium
circ_00943,1,0.5765123089077606,Medium
circ_00944,1,0.8472607524585858,High
circ_00945,0,0.23717172742641401,Low
circ_00946,1,0.3970427621523012,Medium
circ_00947,1,0.6604982551731463,High
circ_00948,0,0.21165912198551304,Low
circ_00949,0,0.001241938758261163,Low
circ_00950,1,0.3361931385338207,Medium
circ_00951,0,0.033635852691936585,Low
circ_00952,0,0.13040945473694457,Low
circ_00953,1,0.3905017620265806,Medium
circ_00954,1,0.8375156314411825,High
circ_00955,0,0.19107620298039607,Low
circ_00956,1,0.32435334051490206,Medium
circ_00957,1,0.5411598322944171,Medium
circ_00958,0,0.14583003982089837,Low
circ_00959,1,0.4129475681415442,Medium
circ_00960,0,0.034670035432572154,Low
circ_00961,1,0.40802108807991994,Medium
circ_00962,1,0.3492272916176737,Medium
circ_00963,1,0.5751898745802555,Medium
circ_00964,1,0.701460056996129,High
circ_00965,1,0.5483290618310387,Medium
circ_00966,0,0.22430898192818835,Low
circ_00967,1,0.783791463123271,High
circ_00968,0,0.15091089771616983,Low
circ_00969,1,0.6380041720204676,High
circ_00970,0,0.19769341407110066,Low
circ_00971,0,0.1699790428481407,Low
circ_00972,0,0.2718750570282438,Low
circ_00973,1,0.41813455359759644,Medium
circ_00974,0,0.28422355091129115,Low
circ_00975,0,0.07121453382741734,Low
circ_00976,1,0.6614563071067713,High
circ_00977,1,0.5343370873509644,Medium
circ_00978,1,0.5917387033496548,Medium
circ_00979,0,0.28065575091491285,Low
circ_00980,0,0.07380681460257313,Low
circ_00981,1,0.39538950196019884,Medium
circ_00982,1,0.6364371380019275,High
circ_00983,1,0.4632559806833988,Medium
circ_00984,0,0.1682622159424947,Low
circ_00985,1,0.8967291851320548,High
circ_00986,1,0.6557041964150523,High
circ_00987,1,0.34235688449175994,Medium
circ_00988,0,0.04047671942831543,Low
circ_00989,1,0.6354823401231047,High
circ_00990,1,0.9084748610574033,High
circ_00991,0,0.05580755473447861,Low
circ_00992,0,0.10968266568447234,Low
circ_00993,1,0.9107574523282347,High
circ_00994,1,0.4701605882849684,Medium
circ_00995,1,0.3917563708801708,Medium
circ_00996,1,0.4167095843920609,Medium
circ_00997,1,0.40414206891463345,Medium
circ_00998,0,0.22570751402614445,Low
circ_00999,0,0.06255421295982651,Low
circ_01000,1,0.5302713689076631,Medium
circ_01001,0,0.09957912209892018,Low
circ_01002,1,0.6692086741251535,High
circ_01003,1,0.746215222528941,High
circ_01004,0,0.2071310924776162,Low
circ_01005,1,0.5355221349211317,Medium
circ_01006,0,0.22923064323123582,Low
circ_01007,1,0.9709486921410027,High
circ_01008,1,0.4281318042649202,Medium
circ_01009,0,0.04086516686090556,Low
circ_01010,1,0.8521069334353506,High
circ_01011,0,0.14121981569198314,Low
circ_01012,1,0.6026806810958187,High
circ_01013,1,0.5377573070845123,Medium
circ_01014,1,0.49093973298103216,Medium
circ_01015,0,0.18231839094626298,Low
circ_01016,0,0.21639897490272184,Low
circ_01017,1,0.7354211262492452,High
circ_01018,0,0.24355222858153225,Low
circ_01019,1,0.8197996629439149,High
circ_01020,1,0.6788600158342378,High
circ_01021,1,0.5188190041773869,Medium
circ_01022,0,0.14443269942443646,Low
circ_01023,1,0.8424026413898917,High
circ_01024,0,0.1966222867441462,Low
circ_01025,0,0.17220512808361843,Low
circ_01026,1,0.5600524189329719,Medium
circ_01027,1,0.3457196190379316,Medium
circ_01028,1,0.7102239729957431,High
circ_01029,1,0.49847301036978503,Medium
circ_01030,1,0.5418923737227419,Medium
circ_01031,1,0.44721959034378633,Medium
circ_01032,1,0.4432085601767042,Medium
circ_01033,1,0.9510067336452184,High
circ_01034,1,0.4878069195143113,Medium
circ_01035,1,0.5454556056836115,Medium
circ_01036,1,0.8746024801681239,High
circ_01037,1,0.5703107403710851,Medium
circ_01038,1,0.36526430922447256,Medium
circ_01039,0,0.25564595955021563,Low
circ_01040,1,0.6738093875511911,High
circ_01041,0,0.11797463128446126,Low
circ_01042,0,0.24041278659715448,Low
circ_01043,1,0.4579146977501116,Medium
circ_01044,1,0.387914363294712,Medium
circ_01045,1,0.9366009471870715,High
circ_01046,1,0.8134725153768773,High
circ_01047,1,0.454259896052419,Medium
circ_01048,1,0.4424425762341249,Medium
circ_01049,1,0.32380295582836316,Medium
circ_01050,0,0.2163532940588011,Low
circ_01051,1,0.5454547794805215,Medium
circ_01052,1,0.7880337353029206,High
circ_01053,0,0.17458044944300885,Low
circ_01054,0,0.1905563507317741,Low
circ_01055,1,0.5700947810692634,Medium
circ_01056,1,0.527149204046341,Medium
circ_01057,1,0.361181333787372,Medium
circ_01058,1,0.550636811456336,Medium
circ_01059,1,0.33528469068728334,Medium
circ_01060,0,0.27308895647305237,Low
circ_01061,1,0.5131677794753979,Medium
circ_01062,0,0.10765554281905024,Low
circ_01063,1,0.37090846339295724,Medium
circ_01064,0,0.07486102994528471,Low
circ_01065,0,0.15573157142369468,Low
circ_01066,1,0.9811076077723422,High
circ_01067,1,0.35386587919896023,Medium
circ_01068,1,0.31687618430515313,Medium
circ_01069,0,0.0831654381970171,Low
circ_01070,0,0.1362694668635777,Low
circ_01071,1,0.5239769751473606,Medium
circ_01072,1,0.4974061842955574,Medium
circ_01073,0,0.2872959714569808,Low
circ_01074,1,0.977509032053802,High
circ_01075,1,0.4082170796871256,Medium
circ_01076,0,0.2580723838340788,Low
circ_01077,0,0.2630192194619254,Low
circ_01078,1,0.4176202175575333,Medium
circ_01079,0,0.1319106682026088,Low
circ_01080,0,0.16938872371502448,Low
circ_01081,1,0.6638750371510661,High
circ_01082,1,0.6088187617384613,High
circ_01083,0,0.19354928622627102,Low
circ_01084,0,0.14682773803892374,Low
circ_01085,0,0.2709951915971425,Low
circ_01086,1,0.5027421120874629,Medium
circ_01087,1,0.5944341463163079,Medium
circ_01088,0,0.18278186774778166,Low
circ_01089,0,0.0003201897661288089,Low
circ_01090,0,0.299833408995783,Low
circ_01091,1,0.7018525970461307,High
circ_01092,0,0.26598828613463293,Low
circ_01093,1,0.6831450942973942,High
circ_01094,0,0.0017212422902779577,Low
circ_01095,1,0.6992046502084774,High
circ_01096,0,0.06188148784446731,Low
circ_01097,1,0.6619267792011534,High
circ_01098,0,0.05268516013087322,Low
circ_01099,0,0.22353644922163768,Low
circ_01100,1,0.4867821088077506,Medium
circ_01101,1,0.49836002912478183,Medium
circ_01102,0,0.004784876721165498,Low
circ_01103,0,0.18719227021260362,Low
circ_01104,0,0.04585984574302555,Low
circ_01105,1,0.3609773406365966,Medium
circ_01106,0,0.04703869656530537,Low
circ_01107,1,0.38316932524147773,Medium
circ_01108,0,0.11916236982044948,Low
circ_01109,0,0.19713800110317029,Low
circ_01110,1,0.5129273578684415,Medium
circ_01111,0,0.12548848060996037,Low
circ_01112,1,0.7762572217268882,High
circ_01113,0,0.04437014699627453,Low
circ_01114,0,0.013731786126840183,Low
circ_01115,1,0.8912517197569254,High
circ_01116,1,0.40320902404418485,Medium
circ_01117,1,0.5899094669489326,Medium
circ_01118,1,0.5141955790912864,Medium
circ_01119,0,0.0518111098632389,Low
circ_01120,1,0.8384934498320549,High
circ_01121,0,0.1612032873811237,Low
circ_01122,1,0.6575243823994769,High
circ_01123,1,0.9345871771974892,High
circ_01124,1,0.37031528028856103,Medium
circ_01125,0,0.058766910794984424,Low
circ_01126,1,0.9039855853058035,High
circ_01127,0,0.15022543003312988,Low
circ_01128,1,0.5528548614795306,Medium
circ_01129,0,0.2556114757701826,Low
circ_01130,1,0.747560196079567,High
circ_01131,0,0.07950980187848107,Low
circ_01132,1,0.4754188050688476,Medium
circ_01133,1,0.33574424968421496,Medium
circ_01134,1,0.4752569325956477,Medium
circ_01135,0,0.2552425315465953,Low
circ_01136,0,0.18910179926626136,Low
circ_01137,1,0.5078609970932261,Medium
circ_01138,0,0.06986048721538297,Low
circ_01139,0,0.07974496546606154,Low
circ_01140,0,0.12720098610912592,Low
circ_01141,0,0.07409579771169746,Low
circ_01142,0,0.25840119496917885,Low
circ_01143,1,0.8685086966328146,High
circ_01144,0,0.03504890137583679,Low
circ_01145,0,0.15632175556638975,Low
circ_01146,0,0.05329375162339184,Low
circ_01147,0,0.18117504793059838,Low
circ_01148,0,0.17887963304351845,Low
circ_01149,0,0.14781805849038362,Low
circ_01150,1,0.7436725277546408,High
circ_01151,1,0.9682931660165482,High
circ_01152,0,0.15975183256089,Low
circ_01153,0,0.07861356265865868,Low
circ_01154,0,0.09930461542135223,Low
circ_01155,1,0.5087527539696037,Medium
circ_01156,1,0.39404109398164266,Medium
circ_01157,0,0.22289283965153617,Low
circ_01158,1,0.8561591883348916,High
circ_01159,0,0.19720302415034247,Low
circ_01160,1,0.5789286671039691,Medium
circ_01161,1,0.630568734389367,High
circ_01162,0,0.018188791360209445,Low
circ_01163,1,0.48413900748187566,Medium
circ_01164,0,0.1492465694633282,Low
circ_01165,0,0.06791770719424169,Low
circ_01166,0,0.018335899036088787,Low
circ_01167,0,0.1593345412374529,Low
circ_01168,0,0.1090669635026677,Low
circ_01169,0,0.20572947452317436,Low
circ_01170,1,0.7894225795108276,High
circ_01171,1,0.6740383328886992,High
circ_01172,1,0.8274777109146559,High
circ_01173,0,0.1458895314273853,Low
circ_01174,1,0.526683884345013,Medium
circ_01175,0,0.04530282824038606,Low
circ_01176,0,0.09021699367941291,Low
circ_01177,1,0.878620166990961,High
circ_01178,0,0.16584140030560868,Low
circ_01179,0,0.1451811860338698,Low
circ_01180,1,0.4907155870327129,Medium
circ_01181,0,0.09040563032142086,Low
circ_01182,1,0.58003064375665,Medium
circ_01183,1,0.6817104167821589,High
circ_01184,0,0.1636129881798846,Low
circ_01185,0,0.13544871849738274,Low
circ_01186,1,0.40558170101003826,Medium
circ_01187,1,0.5125536896612324,Medium
circ_01188,1,0.6396951262514755,High
circ_01189,0,0.13224548211616055,Low
circ_01190,0,0.12411312873066506,Low
circ_01191,0,0.06826141685287916,Low
circ_01192,1,0.6944757641837236,High
circ_01193,0,0.23450305568537294,Low
circ_01194,1,0.8678069539645761,High
circ_01195,0,0.27628558250684365,Low
circ_01196,1,0.8661369330620967,High
circ_01197,0,0.2792860469251342,Low
circ_01198,1,0.90027186422345,High
circ_01199,0,0.17638809513140288,Low
circ_01200,1,0.8409527859012531,High
circ_01201,1,0.4628439903037992,Medium
circ_01202,1,0.7284696078767798,High
circ_01203,0,0.22719247266441345,Low
circ_01204,1,0.3790427977374143,Medium
circ_01205,1,0.9302349066967569,High
circ_01206,1,0.5370017693628542,Medium
circ_01207,0,0.10748460205060205,Low
circ_01208,1,0.7688851968378039,High
circ_01209,0,0.1732537870864767,Low
circ_01210,1,0.5567824233126302,Medium
circ_01211,0,0.18313313289983807,Low
circ_01212,0,0.15157950283035654,Low
circ_01213,0,0.16052979103221593,Low
circ_01214,1,0.48960766378008097,Medium
circ_01215,1,0.47173779732509014,Medium
circ_01216,1,0.5318419484002082,Medium
circ_01217,0,0.20150103927338167,Low
circ_01218,1,0.4306434390468743,Medium
circ_01219,1,0.5019831550496092,Medium
circ_01220,0,0.12902003074036364,Low
circ_01221,0,0.29578342282059883,Low
circ_01222,0,0.10797609877455377,Low
circ_01223,0,0.14389770154078138,Low
circ_01224,1,0.3971228374105491,Medium
circ_01225,0,0.08722181023374102,Low
circ_01226,1,0.8420792291746872,High
circ_01227,0,0.13260481609852554,Low
circ_01228,1,0.8681953433304566,High
circ_01229,0,0.021170323222827303,Low
circ_01230,1,0.31379188842525524,Medium
circ_01231,1,0.40865508834782244,Medium
circ_01232,1,0.9586278303601057,High
circ_01233,0,0.1751200809507205,Low
circ_01234,1,0.512697710318426,Medium
circ_01235,0,0.05967233986622576,Low
circ_01236,1,0.5776953091369389,Medium
circ_01237,1,0.3438702466612545,Medium
circ_01238,0,0.01029763715197909,Low
circ_01239,1,0.6986997299493929,High
circ_01240,0,0.06930981466198816,Low
circ_01241,0,0.20206483626682328,Low
circ_01242,1,0.8618529724741791,High
circ_01243,1,0.4516738344124511,Medium
circ_01244,1,0.549536983921113,Medium
circ_01245,1,0.4517164128697423,Medium
circ_01246,1,0.32362640722668357,Medium
circ_01247,1,0.4628154545833709,Medium
circ_01248,1,0.9048890230917926,High
circ_01249,1,0.4994067898511694,Medium
circ_01250,0,0.1482844522485434,Low
circ_01251,1,0.8184664202974278,High
circ_01252,1,0.43939276631019997,Medium
circ_01253,1,0.8127492739434489,High
circ_01254,1,0.5409353011940448,Medium
circ_01255,0,0.2255342595161744,Low
circ_01256,0,0.11116327878891372,Low
circ_01257,0,0.08492943306650443,Low
circ_01258,0,0.04500619424653627,Low
circ_01259,1,0.35954089816149365,Medium
circ_01260,1,0.3775779744679943,Medium
circ_01261,1,0.37215452824007106,Medium
circ_01262,0,0.033719443732498654,Low
circ_01263,0,0.036601500899681505,Low
circ_01264,1,0.568775345505906,Medium
circ_01265,0,0.06317670813075245,Low
circ_01266,0,0.07177825479387646,Low
circ_01267,0,0.026375191125398666,Low
circ_01268,0,0.09829052303044518,Low
circ_01269,0,0.27062932609210755,Low
circ_01270,0,0.08376959078005566,Low
circ_01271,1,0.5368603567911325,Medium
circ_01272,0,0.17055397612884357,Low
circ_01273,1,0.45331455204761195,Medium
circ_01274,1,0.4297559274583743,Medium
circ_01275,1,0.6014868725159865,High
circ_01276,1,0.5822496380239327,Medium
circ_01277,1,0.5931452816349791,Medium
circ_01278,1,0.48223675299858504,Medium
circ_01279,0,0.11497558220019181,Low
circ_01280,1,0.596090713089171,Medium
circ_01281,1,0.8195551564195652,High
circ_01282,0,0.19392713915689266,Low
circ_01283,0,0.033960935282318847,Low
circ_01284,0,0.1974507026719915,Low
circ_01285,0,0.17691793632864322,Low
circ_01286,0,0.06630142518862767,Low
circ_01287,1,0.9735537580116046,High
circ_01288,0,0.2616610238017279,Low
circ_01289,0,0.16247494473375482,Low
circ_01290,1,0.4722986338376589,Medium
circ_01291,1,0.6140701557815592,High
circ_01292,0,0.2997710059462843,Low
circ_01293,1,0.42147408630530836,Medium
circ_01294,1,0.393506944668928,Medium
circ_01295,0,0.17359703784475428,Low
circ_01296,1,0.9025809286164722,High
circ_01297,1,0.4052574669296053,Medium
circ_01298,0,0.14598985541143789,Low
circ_01299,1,0.49337130090527936,Medium
circ_01300,1,0.38724738998862485,Medium
circ_01301,0,0.04374844095265039,Low
circ_01302,1,0.5345974321558044,Medium
circ_01303,0,0.06468315554085628,Low
circ_01304,0,0.16707583857992664,Low
circ_01305,1,0.5966272650936986,Medium
circ_01306,0,0.26307702020528745,Low
circ_01307,1,0.48387051944836734,Medium
circ_01308,1,0.9979213294564983,High
circ_01309,0,0.15252359897440051,Low
circ_01310,1,0.3003311044263599,Medium
circ_01311,0,0.23793999762951007,Low
circ_01312,1,0.9100372007413289,High
circ_01313,0,0.15034140748129404,Low
circ_01314,0,0.2845932851315746,Low
circ_01315,1,0.3547801049253962,Medium
circ_01316,1,0.7986633636284304,High
circ_01317,1,0.4896557702341952,Medium
circ_01318,1,0.6847311122052688,High
circ_01319,0,0.19218412646557115,Low
circ_01320,1,0.524441069456489,Medium
circ_01321,0,0.14613811187490197,Low
circ_01322,0,0.2145436683747294,Low
circ_01323,0,0.2510040444526151,Low
circ_01324,0,0.03618471620993869,Low
circ_01325,1,0.43966883591820594,Medium
circ_01326,0,0.0645644880167263,Low
circ_01327,0,0.11796040532544047,Low
circ_01328,0,0.2549694555692926,Low
circ_01329,0,0.055460405540636824,Low
circ_01330,0,0.2027536410083493,Low
circ_01331,1,0.8700998428274884,High
circ_01332,1,0.476057450428914,Medium
circ_01333,0,0.1388275789231185,Low
circ_01334,0,0.264500017725943,Low
circ_01335,1,0.9654418103034379,High
circ_01336,1,0.9083215433002404,High
circ_01337,1,0.7150207020757257,High
circ_01338,0,0.09130862412520191,Low
circ_01339,0,0.27480356975340864,Low
circ_01340,1,0.30473486707907116,Medium
circ_01341,1,0.5259592275623028,Medium
circ_01342,0,0.0404262049669863,Low
circ_01343,1,0.5350293502662784,Medium
circ_01344,1,0.49220330734306605,Medium
circ_01345,0,0.19649702644474096,Low
circ_01346,0,0.0298258430198586,Low
circ_01347,0,0.2613774631439202,Low
circ_01348,0,0.21670519522535006,Low
circ_01349,0,0.04723528860064211,Low
circ_01350,1,0.5762776995696511,Medium
circ_01351,1,0.46592532711662626,Medium
circ_01352,1,0.7613679374013862,High
circ_01353,0,0.2942265746592184,Low
circ_01354,0,0.016088880551860606,Low
circ_01355,1,0.7276781037270965,High
circ_01356,0,0.18255583294208463,Low
circ_01357,0,0.2476556617539409,Low
circ_01358,1,0.5441357388617435,Medium
circ_01359,1,0.4641665804388368,Medium
circ_01360,0,0.2523497497734632,Low
circ_01361,1,0.8624889435878518,High
circ_01362,0,0.19501893478818522,Low
circ_01363,1,0.8124814135081013,High
circ_01364,1,0.9551271037775209,High
circ_01365,1,0.42333002901565,Medium
circ_01366,1,0.5729343843713215,Medium
circ_01367,0,0.1148672267442774,Low
circ_01368,0,0.024520720490679816,Low
circ_01369,1,0.44685075856307754,Medium
circ_01370,0,0.05838959142003553,Low
circ_01371,1,0.5557712670961641,Medium
circ_01372,0,0.057838192509201386,Low
circ_01373,0,0.2785222776714368,Low
circ_01374,1,0.7663149901331902,High
circ_01375,0,0.2127767063098782,Low
circ_01376,0,0.17007595454933586,Low
circ_01377,1,0.3005492205301182,Medium
circ_01378,0,0.11656780960121013,Low
circ_01379,0,0.0716065040337681,Low
circ_01380,0,0.29543095367469135,Low
circ_01381,0,0.06506021636514872,Low
circ_01382,0,0.12438044961330974,Low
circ_01383,1,0.42209717053192974,Medium
circ_01384,1,0.547369913297402,Medium
circ_01385,0,0.2668871457629196,Low
circ_01386,1,0.6707239551225109,High
circ_01387,1,0.5847256486809971,Medium
circ_01388,1,0.6352384001705741,High
circ_01389,0,0.013548742374966926,Low
circ_01390,1,0.7064426338760518,High
circ_01391,0,0.22713508085443235,Low
circ_01392,0,0.11658958672707787,Low
circ_01393,0,0.28512905636153907,Low
circ_01394,1,0.5326708044830765,Medium
circ_01395,1,0.3066848092607144,Medium
circ_01396,1,0.33460404001521155,Medium
circ_01397,0,0.18600494698990128,Low
circ_01398,1,0.5699086838684683,Medium
circ_01399,0,0.10527661203373442,Low
circ_01400,0,0.27541658804366076,Low
circ_01401,1,0.9871598210200835,High
circ_01402,0,0.2081047419482759,Low
circ_01403,1,0.5850567593645342,Medium
circ_01404,0,0.00311413990438093,Low
circ_01405,0,0.017994513638795805,Low
circ_01406,0,0.2883610354256135,Low
circ_01407,1,0.49959014552152803,Medium
circ_01408,0,0.11019236707078396,Low
circ_01409,0,0.04326092445508168,Low
circ_01410,1,0.4165688666331776,Medium
circ_01411,0,0.1359082482621871,Low
circ_01412,1,0.7161337825416236,High
circ_01413,1,0.8123828920631315,High
circ_01414,0,0.27513826080769094,Low
circ_01415,1,0.9831394306347522,High
circ_01416,1,0.5788926208757946,Medium
circ_01417,1,0.7719396364011433,High
circ_01418,0,0.26591598443884856,Low
circ_01419,1,0.5109789878532515,Medium
circ_01420,0,0.22519484998790096,Low
circ_01421,0,0.23839381217411232,Low
circ_01422,0,0.2216021416672724,Low
circ_01423,0,0.2664600670776258,Low
circ_01424,1,0.4620316369931401,Medium
circ_01425,1,0.9450119412516091,High
circ_01426,0,0.0685856046885457,Low
circ_01427,1,0.879232658454936,High
circ_01428,0,0.29929031494071756,Low
circ_01429,1,0.5976970311729338,Medium
circ_01430,1,0.6575779858519293,High
circ_01431,0,0.2012724068725303,Low
circ_01432,0,0.07946639543607727,Low
circ_01433,0,0.0506871750357744,Low
circ_01434,1,0.3736582292327977,Medium
circ_01435,1,0.40766775533741983,Medium
circ_01436,0,0.27705876093382986,Low
circ_01437,1,0.9324782844252063,High
circ_01438,0,0.29894488066217173,Low
circ_01439,1,0.42727258510369687,Medium
circ_01440,0,0.13542189703896365,Low
circ_01441,0,0.24773955265381636,Low
circ_01442,1,0.3172477990305325,Medium
circ_01443,1,0.839019169795242,High
circ_01444,0,0.2598117072766194,Low
circ_01445,0,0.15964514075807248,Low
circ_01446,0,0.2937334187414012,Low
circ_01447,0,0.2782191711402217,Low
circ_01448,1,0.6473534567778821,High
circ_01449,1,0.8930149300946022,High
circ_01450,1,0.5040308730173355,Medium
circ_01451,1,0.6028719028808847,High
circ_01452,0,0.1129201263380658,Low
circ_01453,1,0.8421549680697419,High
circ_01454,1,0.616037241434738,High
circ_01455,0,0.2383611156768021,Low
circ_01456,1,0.5092564072280237,Medium
circ_01457,1,0.526874652914967,Medium
circ_01458,1,0.3079230320348878,Medium
circ_01459,1,0.9385697546039073,High
circ_01460,0,0.2873382923971712,Low
circ_01461,0,0.10277260586262595,Low
circ_01462,0,0.14832662211337347,Low
circ_01463,1,0.7685338458863668,High
circ_01464,1,0.5959183406554079,Medium
circ_01465,1,0.5896708592151823,Medium
circ_01466,1,0.7105605411006968,High
circ_01467,1,0.35638120373870363,Medium
circ_01468,1,0.5859680383303808,Medium
circ_01469,0,0.2970079493939716,Low
circ_01470,0,0.2803492473410884,Low
circ_01471,0,0.11045228556946288,Low
circ_01472,1,0.7445546933534893,High
circ_01473,0,0.27326371438159264,Low
circ_01474,1,0.7854487796876535,High
circ_01475,1,0.3371041849083293,Medium
circ_01476,0,0.14754864219405772,Low
circ_01477,0,0.18939620421414521,Low
circ_01478,1,0.43184377365262877,Medium
circ_01479,0,0.0627473232952436,Low
circ_01480,1,0.31050092432174936,Medium
circ_01481,1,0.557044953237273,Medium
circ_01482,0,0.03969516458565912,Low
circ_01483,1,0.5584555724647848,Medium
circ_01484,1,0.546315139525235,Medium
circ_01485,0,0.18777179579322326,Low
circ_01486,0,0.08716130244049201,Low
circ_01487,0,0.22529322506740074,Low
circ_01488,0,0.28724146986279203,Low
circ_01489,0,0.2800441957425162,Low
circ_01490,1,0.8196957426866832,High
circ_01491,1,0.43300195774034317,Medium
circ_01492,1,0.5280577591904699,Medium
circ_01493,0,0.19313065328928514,Low
circ_01494,1,0.43684336736790486,Medium
circ_01495,1,0.9865438785361009,High
circ_01496,1,0.37800023584346465,Medium
circ_01497,0,0.2484333848801663,Low
circ_01498,1,0.8192180404076099,High
circ_01499,0,0.16202213276169133,Low
circ_01500,0,0.04377570634841303,Low
circ_01501,0,0.04633541460477244,Low
circ_01502,1,0.6703826161760541,High
circ_01503,0,0.2817870733662661,Low
circ_01504,0,0.21795161877499808,Low
circ_01505,0,0.16974823179203113,Low
circ_01506,1,0.6584375900786887,High
circ_01507,0,0.2101751283640061,Low
circ_01508,1,0.6671413581297648,High
circ_01509,0,0.08897624471554952,Low
circ_01510,0,0.15145129349410452,Low
circ_01511,1,0.3844014581880998,Medium
circ_01512,0,0.23439467263394465,Low
circ_01513,1,0.5344323702931434,Medium
circ_01514,0,0.13263415023036412,Low
circ_01515,0,0.2148074270383248,Low
circ_01516,1,0.9149057120356293,High
circ_01517,1,0.4685417297606932,Medium
circ_01518,0,0.2112690058869363,Low
circ_01519,1,0.9361362447736991,High
circ_01520,0,0.14762706520757232,Low
circ_01521,0,0.21661473255435051,Low
circ_01522,0,0.03283819436009112,Low
circ_01523,1,0.5564988696807901,Medium
circ_01524,1,0.4697017097261751,Medium
circ_01525,1,0.8692958316711639,High
circ_01526,1,0.7875862983178552,High
circ_01527,1,0.4580385303140626,Medium
circ_01528,1,0.8481522904408438,High
circ_01529,1,0.3077762685251961,Medium
circ_01530,1,0.30869539603320634,Medium
circ_01531,0,0.2012321381717325,Low
circ_01532,0,0.05237263894649325,Low
circ_01533,1,0.9551885100793086,High
circ_01534,0,0.18287187298954743,Low
circ_01535,1,0.5876947980496156,Medium
circ_01536,0,0.2941053692318014,Low
circ_01537,1,0.5083910904831568,Medium
circ_01538,0,0.2633976763178033,Low
circ_01539,1,0.33376610366545134,Medium
circ_01540,1,0.8201970030202765,High
circ_01541,1,0.34063649593296746,Medium
circ_01542,1,0.36171872118782894,Medium
circ_01543,1,0.3847965880293098,Medium
circ_01544,0,0.07106475116873963,Low
circ_01545,1,0.4107449579603957,Medium
circ_01546,1,0.47317952434721683,Medium
circ_01547,1,0.9541238867210327,High
circ_01548,1,0.49938068963202065,Medium
circ_01549,0,0.0185653602035148,Low
circ_01550,0,0.04100943220472801,Low
circ_01551,1,0.9357234613547571,High
circ_01552,0,0.028970140540597464,Low
circ_01553,1,0.3355069499981551,Medium
circ_01554,1,0.8764137294389991,High
circ_01555,1,0.6789988989831426,High
circ_01556,1,0.8560452530285507,High
circ_01557,1,0.4382850617562136,Medium
circ_01558,0,0.12232803365175104,Low
circ_01559,1,0.5137475630536528,Medium
circ_01560,1,0.35416043516047746,Medium
circ_01561,0,0.04814257679373981,Low
circ_01562,0,0.2643533830776946,Low
circ_01563,1,0.5725525541954792,Medium
circ_01564,0,0.2127142856813172,Low
circ_01565,0,0.12308518513163838,Low
circ_01566,1,0.473476649234721,Medium
circ_01567,1,0.4352287406562564,Medium
circ_01568,1,0.5090148168409766,Medium
circ_01569,0,0.054452185337428446,Low
circ_01570,1,0.37958764916401294,Medium
circ_01571,1,0.9850425476228468,High
circ_01572,0,0.17764062373848846,Low
circ_01573,1,0.9663233294583407,High
circ_01574,1,0.34635668191348945,Medium
circ_01575,0,0.015704673902389554,Low
circ_01576,0,0.2691159771312463,Low
circ_01577,0,0.022196571862882875,Low
circ_01578,0,0.16350096035533013,Low
circ_01579,1,0.36058240034689354,Medium
circ_01580,1,0.41891052648895644,Medium
circ_01581,1,0.7716226121403086,High
circ_01582,0,0.058769527205519985,Low
circ_01583,1,0.7636900716441096,High
circ_01584,0,0.20446535133310564,Low
circ_01585,0,0.28913747804955653,Low
circ_01586,0,0.09940499619156641,Low
circ_01587,1,0.8671551449067703,High
circ_01588,1,0.3171905381680785,Medium
circ_01589,1,0.9770990383761423,High
circ_01590,0,0.013230365803187349,Low
circ_01591,1,0.9270631041257429,High
circ_01592,0,0.26056400036780186,Low
circ_01593,0,0.235711437647057,Low
circ_01594,1,0.5219272815068159,Medium
circ_01595,0,0.1831585712239627,Low
circ_01596,0,0.22506363351571848,Low
circ_01597,0,0.15841420211483911,Low
circ_01598,1,0.3256218926938059,Medium
circ_01599,1,0.4652765856900106,Medium
circ_01600,1,0.49184616428350797,Medium
circ_01601,0,0.08625932162413931,Low
circ_01602,0,0.1410175638878315,Low
circ_01603,1,0.532829963122796,Medium
circ_01604,1,0.7587138258303886,High
circ_01605,0,0.14555756776191092,Low
circ_01606,1,0.5144043487546192,Medium
circ_01607,0,0.15073407436600214,Low
circ_01608,1,0.3588296312020032,Medium
circ_01609,0,0.18598153829542527,Low
circ_01610,0,0.1135912492486113,Low
circ_01611,0,0.16245292403954142,Low
circ_01612,0,0.16265595359756266,Low
circ_01613,0,0.20362394481182552,Low
circ_01614,0,0.23012992425342316,Low
circ_01615,0,0.08740196576476393,Low
circ_01616,1,0.7607611419709952,High
circ_01617,1,0.8943636812097697,High
circ_01618,1,0.5461301001624631,Medium
circ_01619,1,0.7604946439228621,High
circ_01620,0,0.12631255470891156,Low
circ_01621,1,0.4303151627958645,Medium
circ_01622,0,0.289328075690269,Low
circ_01623,0,0.15877773170450857,Low
circ_01624,0,0.10318865301843567,Low
circ_01625,1,0.7556732963520028,High
circ_01626,0,0.2193118220687765,Low
circ_01627,0,0.19906605755489112,Low
circ_01628,0,0.10431793776890075,Low
circ_01629,1,0.48214582843995424,Medium
circ_01630,0,0.24654906591358064,Low
circ_01631,0,0.1961120828780051,Low
circ_01632,1,0.8380126962701706,High
circ_01633,1,0.941407704498065,High
circ_01634,0,0.15143010314581073,Low
circ_01635,1,0.3677237761918263,Medium
circ_01636,0,0.06072918905484787,Low
circ_01637,1,0.6357097226681874,High
circ_01638,1,0.484044046318025,Medium
circ_01639,1,0.3317370362235314,Medium
circ_01640,1,0.3632565009425541,Medium
circ_01641,1,0.8847080167526599,High
circ_01642,1,0.5356323570306578,Medium
circ_01643,1,0.5194879448348158,Medium
circ_01644,0,0.19297996534120374,Low
circ_01645,0,0.042625652346470075,Low
circ_01646,0,0.25409945568762377,Low
circ_01647,1,0.3214526222882267,Medium
circ_01648,1,0.5230905603539454,Medium
circ_01649,1,0.30543434324986807,Medium
circ_01650,0,0.11310710796841318,Low
circ_01651,0,0.09383273484736505,Low
circ_01652,0,0.020085868489581438,Low
circ_01653,1,0.9492153705647628,High
circ_01654,1,0.5382547900391838,Medium
circ_01655,1,0.3359522456103786,Medium
circ_01656,1,0.34552550445710634,Medium
circ_01657,1,0.9998206980264424,High
circ_01658,0,0.1676238625466918,Low
circ_01659,1,0.347856010837112,Medium
circ_01660,0,0.1412269413830273,Low
circ_01661,0,0.07076556443239748,Low
circ_01662,0,0.007659729119448899,Low
circ_01663,1,0.30413010450127276,Medium
circ_01664,0,0.0021877793481362984,Low
circ_01665,1,0.9196085060041561,High
circ_01666,1,0.3002048085160802,Medium
circ_01667,0,0.08632690040668346,Low
circ_01668,1,0.856393759571514,High
circ_01669,0,0.09556483209294124,Low
circ_01670,1,0.7558436438390577,High
circ_01671,1,0.46242933036984435,Medium
circ_01672,1,0.509622538669548,Medium
circ_01673,1,0.9657105852549808,High
circ_01674,1,0.5584859665468087,Medium
circ_01675,1,0.4385069469808328,Medium
circ_01676,1,0.3285453747059035,Medium
circ_01677,1,0.4665935520234353,Medium
circ_01678,1,0.6072379448742375,High
circ_01679,1,0.9023149711698157,High
circ_01680,0,0.15859005980285604,Low
circ_01681,1,0.5167054176858635,Medium
circ_01682,1,0.35992183101071035,Medium
circ_01683,0,0.22006500705231313,Low
circ_01684,0,0.13583860557090702,Low
circ_01685,0,0.2598363576517138,Low
circ_01686,1,0.7463655166808959,High
circ_01687,0,0.09048712595122542,Low
circ_01688,1,0.3769842800387003,Medium
circ_01689,1,0.4806452679649831,Medium
circ_01690,0,0.2682672825729545,Low
circ_01691,0,0.08310691602357724,Low
circ_01692,1,0.3646546101238475,Medium
circ_01693,1,0.5779948534908277,Medium
circ_01694,0,0.03134318886260525,Low
circ_01695,1,0.4009040970257063,Medium
circ_01696,0,0.13223266294466848,Low
circ_01697,1,0.8736245581806902,High
circ_01698,1,0.34201000337868287,Medium
circ_01699,1,0.8987821446634947,High
circ_01700,0,0.1750783543058408,Low
circ_01701,1,0.4116707991775037,Medium
circ_01702,1,0.9854933875960683,High
circ_01703,0,0.001194292844717304,Low
circ_01704,1,0.8801382952393462,High
circ_01705,1,0.8847313992132408,High
circ_01706,0,0.2957362341396789,Low
circ_01707,1,0.472970186123998,Medium
circ_01708,1,0.5362326886508366,Medium
circ_01709,0,0.18889432141848259,Low
circ_01710,0,0.1594464111457936,Low
circ_01711,0,0.158054326795944,Low
circ_01712,1,0.9252741681204948,High
circ_01713,1,0.418860930357635,Medium
circ_01714,1,0.3161044508101457,Medium
circ_01715,0,0.269545977691492,Low
circ_01716,1,0.7248243892782698,High
circ_01717,0,0.2299477606727523,Low
circ_01718,0,0.21960573592853525,Low
circ_01719,0,0.001549925360869886,Low
circ_01720,1,0.7489225225798056,High
circ_01721,1,0.9067327517655837,High
circ_01722,1,0.9771212656106307,High
circ_01723,0,0.05072226727777933,Low
circ_01724,1,0.5186522974083994,Medium
circ_01725,0,0.0213293132585639,Low
circ_01726,1,0.37620178578616414,Medium
circ_01727,0,0.23973035274667773,Low
circ_01728,1,0.34213327708741836,Medium
circ_01729,0,0.1087347815294058,Low
circ_01730,1,0.6522667973730184,High
circ_01731,0,0.16933898229933356,Low
circ_01732,0,0.16302408271532162,Low
circ_01733,0,0.07164254090286877,Low
circ_01734,1,0.5882477327303778,Medium
circ_01735,1,0.560071641486734,Medium
circ_01736,1,0.9074961217901971,High
circ_01737,0,0.2049475104823856,Low
circ_01738,1,0.9539698409010448,High
circ_01739,1,0.3258099654833912,Medium
circ_01740,0,0.06253613310710306,Low
circ_01741,1,0.7306537358121521,High
circ_01742,0,0.13637894189325964,Low
circ_01743,0,0.21877307282778444,Low
circ_01744,1,0.9975250732627527,High
circ_01745,1,0.5874952228460741,Medium
circ_01746,1,0.9663200323979729,High
circ_01747,0,0.1676058081176372,Low
circ_01748,0,0.2595741042524577,Low
circ_01749,1,0.38114877497900446,Medium
circ_01750,1,0.8884574856603372,High
circ_01751,0,0.0909698248000719,Low
circ_01752,1,0.8621315629877802,High
circ_01753,0,0.18405197753346653,Low
circ_01754,0,0.060260612256554213,Low
circ_01755,0,0.13682988908943486,Low
circ_01756,0,0.2672004784508773,Low
circ_01757,1,0.39572123589447816,Medium
circ_01758,1,0.45000648786378,Medium
circ_01759,0,0.23367390397911442,Low
circ_01760,1,0.3487440444614624,Medium
circ_01761,1,0.8084759267252901,High
circ_01762,0,0.013857577192577918,Low
circ_01763,1,0.5684569592089543,Medium
circ_01764,1,0.3553458635546834,Medium
circ_01765,1,0.5313072823323768,Medium
circ_01766,1,0.3557834506601866,Medium
circ_01767,1,0.9984976098373396,High
circ_01768,1,0.5278280481999256,Medium
circ_01769,1,0.5321422178106866,Medium
circ_01770,1,0.4632492099935549,Medium
circ_01771,1,0.7408957522029915,High
circ_01772,1,0.5775019964431374,Medium
circ_01773,0,0.1732809707270864,Low
circ_01774,1,0.538378594920199,Medium
circ_01775,0,0.15123847631344325,Low
circ_01776,1,0.7331625629436321,High
circ_01777,1,0.38204159998197507,Medium
circ_01778,0,0.07760181624779368,Low
circ_01779,0,0.11027255479032201,Low
circ_01780,1,0.8333374823303477,High
circ_01781,0,0.10527518220933918,Low
circ_01782,1,0.5293411274665494,Medium
circ_01783,0,0.2326874574784744,Low
circ_01784,1,0.6582410393848607,High
circ_01785,1,0.6759883418872452,High
circ_01786,1,0.7946905606681169,High
circ_01787,1,0.8025850162346084,High
circ_01788,1,0.9698105016080415,High
circ_01789,1,0.3701217793387771,Medium
circ_01790,1,0.6598308556595408,High
circ_01791,0,0.060177338301828094,Low
circ_01792,1,0.3043893112429858,Medium
circ_01793,0,7.09798299606934e-05,Low
circ_01794,0,0.0993462309354717,Low
circ_01795,1,0.523610249045179,Medium
circ_01796,1,0.4268954958796025,Medium
circ_01797,1,0.4403488450049623,Medium
circ_01798,1,0.3081074528336455,Medium
circ_01799,1,0.8816837268816977,High
circ_01800,0,0.2507428953967265,Low
circ_01801,0,0.1725362711841398,Low
circ_01802,0,0.1797606129729783,Low
circ_01803,1,0.7496654460981286,High
circ_01804,0,0.07800137639087887,Low
circ_01805,1,0.5124688689918541,Medium
circ_01806,1,0.8068188945162867,High
circ_01807,1,0.5784408976952091,Medium
circ_01808,0,0.17263570935066708,Low
circ_01809,1,0.4828290904090029,Medium
circ_01810,1,0.3150130444127399,Medium
circ_01811,1,0.43832001494540934,Medium
circ_01812,1,0.7031764145676247,High
circ_01813,0,0.036216483161777134,Low
circ_01814,0,0.20180064056565325,Low
circ_01815,0,0.10542209201079777,Low
circ_01816,1,0.3763287224059329,Medium
circ_01817,1,0.5489545954292078,Medium
circ_01818,0,0.006282210176791791,Low
circ_01819,1,0.702525875388033,High
circ_01820,0,0.2906981209426928,Low
circ_01821,0,0.2211617098674873,Low
circ_01822,1,0.8933325638547298,High
circ_01823,1,0.65231545175155,High
circ_01824,0,0.11065526375242431,Low
circ_01825,0,0.15546208941963766,Low
circ_01826,0,0.007779107477899749,Low
circ_01827,1,0.33773857366113036,Medium
circ_01828,1,0.40922467328690904,Medium
circ_01829,1,0.9238401781532974,High
circ_01830,0,0.2638774790675949,Low
circ_01831,1,0.591251676857117,Medium
circ_01832,1,0.6166055597032744,High
circ_01833,0,0.01979470288027523,Low
circ_01834,1,0.9443302310222945,High
circ_01835,0,0.1254385130672131,Low
circ_01836,1,0.9625403884664577,High
circ_01837,0,0.29139438104666443,Low
circ_01838,1,0.7908607088046317,High
circ_01839,0,0.16704637212570944,Low
circ_01840,0,0.010994807916561133,Low
circ_01841,1,0.846041583183313,High
circ_01842,0,0.10773547853199648,Low
circ_01843,1,0.912753940687364,High
circ_01844,0,0.05123441886058559,Low
circ_01845,0,0.27325317596990906,Low
circ_01846,1,0.7120144193805754,High
circ_01847,0,0.2988740997024468,Low
circ_01848,0,0.05538106759589795,Low
circ_01849,1,0.47851842184437865,Medium
circ_01850,0,0.08925381198293754,Low
circ_01851,1,0.44407429195380915,Medium
circ_01852,0,0.19029368906074204,Low
circ_01853,0,0.212789999575459,Low
circ_01854,1,0.39638932094826973,Medium
circ_01855,1,0.3504577808206931,Medium
circ_01856,1,0.3697249356519778,Medium
circ_01857,0,0.29195571380993923,Low
circ_01858,1,0.9755044207820984,High
circ_01859,0,0.22409024303289654,Low
circ_01860,0,0.1394063936715822,Low
circ_01861,0,0.2115677752574933,Low
circ_01862,1,0.7765135930862357,High
circ_01863,0,0.018375466692390006,Low
circ_01864,1,0.5189270945985587,Medium
circ_01865,0,0.1590307683464605,Low
circ_01866,1,0.3581286976243449,Medium
circ_01867,1,0.5010369761145952,Medium
circ_01868,0,0.13571295798769395,Low
circ_01869,0,0.11638358909377375,Low
circ_01870,1,0.958999690867077,High
circ_01871,1,0.4188119254395139,Medium
circ_01872,1,0.898081838604468,High
circ_01873,1,0.4191574263401984,Medium
circ_01874,1,0.5476308530837927,Medium
circ_01875,0,0.09006978383869402,Low
circ_01876,1,0.9714272674668754,High
circ_01877,1,0.4180927898767513,Medium
circ_01878,1,0.45464657887089177,Medium
circ_01879,0,0.1006665806750289,Low
circ_01880,0,0.15785257340738937,Low
circ_01881,0,0.07652090186846437,Low
circ_01882,0,0.08452846575047053,Low
circ_01883,1,0.9501419542417799,High
circ_01884,1,0.5603829205422135,Medium
circ_01885,0,0.09489332008143794,Low
circ_01886,0,0.29665687306252225,Low
circ_01887,0,0.07436346160450674,Low
circ_01888,1,0.47698087874965367,Medium
circ_01889,0,0.052212979090263754,Low
circ_01890,0,0.21785682086705815,Low
circ_01891,0,0.030498390140550523,Low
circ_01892,0,0.07155357064791622,Low
circ_01893,0,0.07710382998142547,Low
circ_01894,0,0.13607225407069712,Low
circ_01895,1,0.4369146699448194,Medium
circ_01896,1,0.3122374600264574,Medium
circ_01897,1,0.528787058702105,Medium
circ_01898,1,0.7146207832583954,High
circ_01899,1,0.38897670693727404,Medium
circ_01900,0,0.24841774171071096,Low
circ_01901,0,0.15756340061302693,Low
circ_01902,1,0.38087711351382314,Medium
circ_01903,0,0.019421561692258036,Low
circ_01904,1,0.40829378673178024,Medium
circ_01905,0,0.11696410366341112,Low
circ_01906,1,0.5816156244851921,Medium
circ_01907,0,0.12267216245754474,Low
circ_01908,0,0.23576662838458456,Low
circ_01909,1,0.5707714717713378,Medium
circ_01910,1,0.8687295523491513,High
circ_01911,1,0.45774578834880403,Medium
circ_01912,0,0.14425217458694445,Low
circ_01913,0,0.15779086579580173,Low
circ_01914,1,0.628674613504677,High
circ_01915,1,0.5315533866134026,Medium
circ_01916,1,0.366997891195514,Medium
circ_01917,1,0.8559167506222012,High
circ_01918,0,0.03340472355355548,Low
circ_01919,0,0.22976255283462982,Low
circ_01920,1,0.399338498865868,Medium
circ_01921,0,0.01933506038622579,Low
circ_01922,1,0.3365470231446459,Medium
circ_01923,0,0.08530370465602467,Low
circ_01924,1,0.4437565305191461,Medium
circ_01925,0,0.0029505225541231806,Low
circ_01926,1,0.46084493659431125,Medium
circ_01927,0,0.22000483770054904,Low
circ_01928,0,0.014960289521284963,Low
circ_01929,1,0.3576329611177972,Medium
circ_01930,1,0.6366124369520876,High
circ_01931,0,0.10024654675726485,Low
circ_01932,1,0.3798743700378381,Medium
circ_01933,0,0.17363468003864674,Low
circ_01934,1,0.4819803370738438,Medium
circ_01935,1,0.4583379076183225,Medium
circ_01936,1,0.9691938414160092,High
circ_01937,1,0.3767214659409465,Medium
circ_01938,1,0.623384091157257,High
circ_01939,1,0.46505667924650673,Medium
circ_01940,1,0.4236558035440914,Medium
circ_01941,1,0.7004659602113924,High
circ_01942,1,0.3098472276802133,Medium
circ_01943,1,0.5039865385126666,Medium
circ_01944,0,0.013370821247622067,Low
circ_01945,0,0.14189948773343683,Low
circ_01946,1,0.6210569292766743,High
circ_01947,0,0.08232928342034014,Low
circ_01948,1,0.4137245292190978,Medium
circ_01949,0,0.15153764099585626,Low
circ_01950,0,0.06986198443324283,Low
circ_01951,1,0.40435320198883395,Medium
circ_01952,1,0.6043580154899655,High
circ_01953,1,0.35330793062424265,Medium
circ_01954,1,0.34060031056906637,Medium
circ_01955,0,0.09296771602031191,Low
circ_01956,0,0.17991273374778774,Low
circ_01957,1,0.6333181494765309,High
circ_01958,1,0.3399535761212452,Medium
circ_01959,1,0.5395529238016203,Medium
circ_01960,0,0.296391021303019,Low
circ_01961,0,0.09224877980148993,Low
circ_01962,1,0.42482242455141495,Medium
circ_01963,1,0.47028894685327505,Medium
circ_01964,1,0.7166907809439154,High
circ_01965,1,0.6678683892418972,High
circ_01966,0,0.18233591711927083,Low
circ_01967,1,0.881209485158159,High
circ_01968,1,0.4022371030298469,Medium
circ_01969,1,0.6032049523782317,High
circ_01970,0,0.22029526274368746,Low
circ_01971,0,0.015793984982891095,Low
circ_01972,1,0.42984056938258086,Medium
circ_01973,0,0.24980356098270612,Low
circ_01974,0,0.23767090946313096,Low
circ_01975,0,0.2428134153687039,Low
circ_01976,0,0.25543559861028536,Low
circ_01977,0,0.10855752504845102,Low
circ_01978,0,0.041962887887564124,Low
circ_01979,1,0.49427473440473957,Medium
circ_01980,1,0.8861692165881494,High
circ_01981,0,0.13370981070272628,Low
circ_01982,1,0.6215964870215014,High
circ_01983,1,0.5570230605477899,Medium
circ_01984,0,0.04635517208509223,Low
circ_01985,0,0.26516969084337877,Low
circ_01986,1,0.3699298646067076,Medium
circ_01987,1,0.39048869831535404,Medium
circ_01988,1,0.5996418559446128,Medium
circ_01989,0,0.2828873896549713,Low
circ_01990,0,0.26849910140369715,Low
circ_01991,1,0.5838830598170511,Medium
circ_01992,1,0.757173860761934,High
circ_01993,1,0.8851502212630722,High
circ_01994,1,0.8416408111361152,High
circ_01995,0,0.21089755190352638,Low
circ_01996,1,0.8296976977651034,High
circ_01997,1,0.8074814845570697,High
circ_01998,0,0.27979924371090964,Low
circ_01999,1,0.6965905094175842,High
